Hardware Time,Global Time\Signal,CAN1.EEC1.Engine_Speed,CAN1.EEC2.Accel_Pedal_Pos,CAN1.CCVS1.Vehicle_Speed,CAN1.LFE.Engine_Fuel_Rate,CAN1.LFE.Engine_Inst_Fuel_Economy,Raw Data
415.990943,2026-07-22 12:01:31.012,5000,,,,,CAN=415.990943 Rx 0 $0CF00400 D 8 FF FF FF 40 9C FF FF FF 
415.991529,2026-07-22 12:01:31.013,,100,,,,CAN=415.991529 Rx 0 $0CF00300 D 8 FF FA FF FF FF FF FF FF 
415.992111,2026-07-22 12:01:31.014,,,150,,,CAN=415.992111 Rx 0 $18FEF100 D 8 FF 00 96 FF FF FF FF FF 
415.992693,2026-07-22 12:01:31.014,,,,500,30,CAN=415.992693 Rx 0 $18FEF200 D 8 10 27 00 3C FF FF FF FF 
416.040965,2026-07-22 12:01:31.062,5000,,,,,CAN=416.040965 Rx 0 $0CF00400 D 8 FF FF FF 40 9C FF FF FF 
416.041551,2026-07-22 12:01:31.063,,100,,,,CAN=416.041551 Rx 0 $0CF00300 D 8 FF FA FF FF FF FF FF FF 
416.042133,2026-07-22 12:01:31.064,,,150,,,CAN=416.042133 Rx 0 $18FEF100 D 8 FF 00 96 FF FF FF FF FF 
416.042715,2026-07-22 12:01:31.064,,,,500,30,CAN=416.042715 Rx 0 $18FEF200 D 8 10 27 00 3C FF FF FF FF 
416.091131,2026-07-22 12:01:31.113,5000,,,,,CAN=416.091131 Rx 0 $0CF00400 D 8 FF FF FF 40 9C FF FF FF 
416.091717,2026-07-22 12:01:31.113,,100,,,,CAN=416.091717 Rx 0 $0CF00300 D 8 FF FA FF FF FF FF FF FF 
416.092299,2026-07-22 12:01:31.114,,,150,,,CAN=416.092299 Rx 0 $18FEF100 D 8 FF 00 96 FF FF FF FF FF 
416.092882,2026-07-22 12:01:31.114,,,,500,30,CAN=416.092882 Rx 0 $18FEF200 D 8 10 27 00 3C FF FF FF FF 
416.141295,2026-07-22 12:01:31.163,5000,,,,,CAN=416.141295 Rx 0 $0CF00400 D 8 FF FF FF 40 9C FF FF FF 
416.141882,2026-07-22 12:01:31.163,,100,,,,CAN=416.141882 Rx 0 $0CF00300 D 8 FF FA FF FF FF FF FF FF 
416.142464,2026-07-22 12:01:31.164,,,150,,,CAN=416.142464 Rx 0 $18FEF100 D 8 FF 00 96 FF FF FF FF FF 
416.143046,2026-07-22 12:01:31.165,,,,500,30,CAN=416.143046 Rx 0 $18FEF200 D 8 10 27 00 3C FF FF FF FF 
416.191458,2026-07-22 12:01:31.213,5000,,,,,CAN=416.191458 Rx 0 $0CF00400 D 8 FF FF FF 40 9C FF FF FF 
416.192044,2026-07-22 12:01:31.214,,100,,,,CAN=416.192044 Rx 0 $0CF00300 D 8 FF FA FF FF FF FF FF FF 
416.192626,2026-07-22 12:01:31.214,,,150,,,CAN=416.192626 Rx 0 $18FEF100 D 8 FF 00 96 FF FF FF FF FF 
416.193208,2026-07-22 12:01:31.215,,,,500,30,CAN=416.193208 Rx 0 $18FEF200 D 8 10 27 00 3C FF FF FF FF 
416.241615,2026-07-22 12:01:31.263,5000,,,,,CAN=416.241615 Rx 0 $0CF00400 D 8 FF FF FF 40 9C FF FF FF 
416.2422,2026-07-22 12:01:31.264,,100,,,,CAN=416.2422 Rx 0 $0CF00300 D 8 FF FA FF FF FF FF FF FF 
416.242782,2026-07-22 12:01:31.264,,,150,,,CAN=416.242782 Rx 0 $18FEF100 D 8 FF 00 96 FF FF FF FF FF 
416.243364,2026-07-22 12:01:31.265,,,,500,30,CAN=416.243364 Rx 0 $18FEF200 D 8 10 27 00 3C FF FF FF FF 
416.291773,2026-07-22 12:01:31.313,5000,,,,,CAN=416.291773 Rx 0 $0CF00400 D 8 FF FF FF 40 9C FF FF FF 
416.292359,2026-07-22 12:01:31.314,,100,,,,CAN=416.292359 Rx 0 $0CF00300 D 8 FF FA FF FF FF FF FF FF 
416.29294,2026-07-22 12:01:31.314,,,150,,,CAN=416.29294 Rx 0 $18FEF100 D 8 FF 00 96 FF FF FF FF FF 
416.293522,2026-07-22 12:01:31.315,,,,500,30,CAN=416.293522 Rx 0 $18FEF200 D 8 10 27 00 3C FF FF FF FF 
416.341932,2026-07-22 12:01:31.363,5000,,,,,CAN=416.341932 Rx 0 $0CF00400 D 8 FF FF FF 40 9C FF FF FF 
416.342518,2026-07-22 12:01:31.364,,100,,,,CAN=416.342518 Rx 0 $0CF00300 D 8 FF FA FF FF FF FF FF FF 
416.3431,2026-07-22 12:01:31.365,,,150,,,CAN=416.3431 Rx 0 $18FEF100 D 8 FF 00 96 FF FF FF FF FF 
416.343682,2026-07-22 12:01:31.365,,,,500,30,CAN=416.343682 Rx 0 $18FEF200 D 8 10 27 00 3C FF FF FF FF 
416.392094,2026-07-22 12:01:31.414,5000,,,,,CAN=416.392094 Rx 0 $0CF00400 D 8 FF FF FF 40 9C FF FF FF 
416.39268,2026-07-22 12:01:31.414,,100,,,,CAN=416.39268 Rx 0 $0CF00300 D 8 FF FA FF FF FF FF FF FF 
416.393262,2026-07-22 12:01:31.415,,,150,,,CAN=416.393262 Rx 0 $18FEF100 D 8 FF 00 96 FF FF FF FF FF 
416.393844,2026-07-22 12:01:31.415,,,,500,30,CAN=416.393844 Rx 0 $18FEF200 D 8 10 27 00 3C FF FF FF FF 
416.442253,2026-07-22 12:01:31.464,5000,,,,,CAN=416.442253 Rx 0 $0CF00400 D 8 FF FF FF 40 9C FF FF FF 
416.442839,2026-07-22 12:01:31.464,,100,,,,CAN=416.442839 Rx 0 $0CF00300 D 8 FF FA FF FF FF FF FF FF 
416.443421,2026-07-22 12:01:31.465,,,150,,,CAN=416.443421 Rx 0 $18FEF100 D 8 FF 00 96 FF FF FF FF FF 
416.444003,2026-07-22 12:01:31.466,,,,500,30,CAN=416.444003 Rx 0 $18FEF200 D 8 10 27 00 3C FF FF FF FF 
416.492409,2026-07-22 12:01:31.514,5000,,,,,CAN=416.492409 Rx 0 $0CF00400 D 8 FF FF FF 40 9C FF FF FF 
416.492995,2026-07-22 12:01:31.514,,100,,,,CAN=416.492995 Rx 0 $0CF00300 D 8 FF FA FF FF FF FF FF FF 
416.493577,2026-07-22 12:01:31.515,,,150,,,CAN=416.493577 Rx 0 $18FEF100 D 8 FF 00 96 FF FF FF FF FF 
416.494159,2026-07-22 12:01:31.516,,,,500,30,CAN=416.494159 Rx 0 $18FEF200 D 8 10 27 00 3C FF FF FF FF 
416.542569,2026-07-22 12:01:31.564,5000,,,,,CAN=416.542569 Rx 0 $0CF00400 D 8 FF FF FF 40 9C FF FF FF 
416.543155,2026-07-22 12:01:31.565,,100,,,,CAN=416.543155 Rx 0 $0CF00300 D 8 FF FA FF FF FF FF FF FF 
416.543737,2026-07-22 12:01:31.565,,,150,,,CAN=416.543737 Rx 0 $18FEF100 D 8 FF 00 96 FF FF FF FF FF 
416.544319,2026-07-22 12:01:31.566,,,,500,30,CAN=416.544319 Rx 0 $18FEF200 D 8 10 27 00 3C FF FF FF FF 
416.592727,2026-07-22 12:01:31.614,5000,,,,,CAN=416.592727 Rx 0 $0CF00400 D 8 FF FF FF 40 9C FF FF FF 
416.593313,2026-07-22 12:01:31.615,,100,,,,CAN=416.593313 Rx 0 $0CF00300 D 8 FF FA FF FF FF FF FF FF 
416.593895,2026-07-22 12:01:31.615,,,150,,,CAN=416.593895 Rx 0 $18FEF100 D 8 FF 00 96 FF FF FF FF FF 
416.594477,2026-07-22 12:01:31.616,,,,500,30,CAN=416.594477 Rx 0 $18FEF200 D 8 10 27 00 3C FF FF FF FF 
416.642883,2026-07-22 12:01:31.664,5000,,,,,CAN=416.642883 Rx 0 $0CF00400 D 8 FF FF FF 40 9C FF FF FF 
416.643469,2026-07-22 12:01:31.665,,100,,,,CAN=416.643469 Rx 0 $0CF00300 D 8 FF FA FF FF FF FF FF FF 
416.644051,2026-07-22 12:01:31.666,,,150,,,CAN=416.644051 Rx 0 $18FEF100 D 8 FF 00 96 FF FF FF FF FF 
416.644633,2026-07-22 12:01:31.666,,,,500,30,CAN=416.644633 Rx 0 $18FEF200 D 8 10 27 00 3C FF FF FF FF 
416.693045,2026-07-22 12:01:31.715,5000,,,,,CAN=416.693045 Rx 0 $0CF00400 D 8 FF FF FF 40 9C FF FF FF 
416.693631,2026-07-22 12:01:31.715,,100,,,,CAN=416.693631 Rx 0 $0CF00300 D 8 FF FA FF FF FF FF FF FF 
416.694213,2026-07-22 12:01:31.716,,,150,,,CAN=416.694213 Rx 0 $18FEF100 D 8 FF 00 96 FF FF FF FF FF 
416.694795,2026-07-22 12:01:31.716,,,,500,30,CAN=416.694795 Rx 0 $18FEF200 D 8 10 27 00 3C FF FF FF FF 
416.743207,2026-07-22 12:01:31.765,5000,,,,,CAN=416.743207 Rx 0 $0CF00400 D 8 FF FF FF 40 9C FF FF FF 
416.743793,2026-07-22 12:01:31.765,,100,,,,CAN=416.743793 Rx 0 $0CF00300 D 8 FF FA FF FF FF FF FF FF 
416.744375,2026-07-22 12:01:31.766,,,150,,,CAN=416.744375 Rx 0 $18FEF100 D 8 FF 00 96 FF FF FF FF FF 
416.744957,2026-07-22 12:01:31.766,,,,500,30,CAN=416.744957 Rx 0 $18FEF200 D 8 10 27 00 3C FF FF FF FF 
416.793366,2026-07-22 12:01:31.815,5000,,,,,CAN=416.793366 Rx 0 $0CF00400 D 8 FF FF FF 40 9C FF FF FF 
416.793952,2026-07-22 12:01:31.815,,100,,,,CAN=416.793952 Rx 0 $0CF00300 D 8 FF FA FF FF FF FF FF FF 
416.794534,2026-07-22 12:01:31.816,,,150,,,CAN=416.794534 Rx 0 $18FEF100 D 8 FF 00 96 FF FF FF FF FF 
416.795116,2026-07-22 12:01:31.817,,,,500,30,CAN=416.795116 Rx 0 $18FEF200 D 8 10 27 00 3C FF FF FF FF 
416.843534,2026-07-22 12:01:31.865,5000,,,,,CAN=416.843534 Rx 0 $0CF00400 D 8 FF FF FF 40 9C FF FF FF 
416.844121,2026-07-22 12:01:31.866,,100,,,,CAN=416.844121 Rx 0 $0CF00300 D 8 FF FA FF FF FF FF FF FF 
416.844703,2026-07-22 12:01:31.866,,,150,,,CAN=416.844703 Rx 0 $18FEF100 D 8 FF 00 96 FF FF FF FF FF 
416.845285,2026-07-22 12:01:31.867,,,,500,30,CAN=416.845285 Rx 0 $18FEF200 D 8 10 27 00 3C FF FF FF FF 
416.893693,2026-07-22 12:01:31.915,5000,,,,,CAN=416.893693 Rx 0 $0CF00400 D 8 FF FF FF 40 9C FF FF FF 
416.894279,2026-07-22 12:01:31.916,,100,,,,CAN=416.894279 Rx 0 $0CF00300 D 8 FF FA FF FF FF FF FF FF 
416.894861,2026-07-22 12:01:31.916,,,150,,,CAN=416.894861 Rx 0 $18FEF100 D 8 FF 00 96 FF FF FF FF FF 
416.895443,2026-07-22 12:01:31.917,,,,500,30,CAN=416.895443 Rx 0 $18FEF200 D 8 10 27 00 3C FF FF FF FF 
416.943854,2026-07-22 12:01:31.965,5000,,,,,CAN=416.943854 Rx 0 $0CF00400 D 8 FF FF FF 40 9C FF FF FF 
416.94444,2026-07-22 12:01:31.966,,100,,,,CAN=416.94444 Rx 0 $0CF00300 D 8 FF FA FF FF FF FF FF FF 
416.945022,2026-07-22 12:01:31.967,,,150,,,CAN=416.945022 Rx 0 $18FEF100 D 8 FF 00 96 FF FF FF FF FF 
416.945604,2026-07-22 12:01:31.967,,,,500,30,CAN=416.945604 Rx 0 $18FEF200 D 8 10 27 00 3C FF FF FF FF 
416.994019,2026-07-22 12:01:32.016,5000,,,,,CAN=416.994019 Rx 0 $0CF00400 D 8 FF FF FF 40 9C FF FF FF 
416.994605,2026-07-22 12:01:32.016,,100,,,,CAN=416.994605 Rx 0 $0CF00300 D 8 FF FA FF FF FF FF FF FF 
416.995187,2026-07-22 12:01:32.017,,,150,,,CAN=416.995187 Rx 0 $18FEF100 D 8 FF 00 96 FF FF FF FF FF 
416.995769,2026-07-22 12:01:32.017,,,,500,30,CAN=416.995769 Rx 0 $18FEF200 D 8 10 27 00 3C FF FF FF FF 
417.044179,2026-07-22 12:01:32.066,5000,,,,,CAN=417.044179 Rx 0 $0CF00400 D 8 FF FF FF 40 9C FF FF FF 
417.044765,2026-07-22 12:01:32.066,,100,,,,CAN=417.044765 Rx 0 $0CF00300 D 8 FF FA FF FF FF FF FF FF 
417.045347,2026-07-22 12:01:32.067,,,150,,,CAN=417.045347 Rx 0 $18FEF100 D 8 FF 00 96 FF FF FF FF FF 
417.045929,2026-07-22 12:01:32.067,,,,500,30,CAN=417.045929 Rx 0 $18FEF200 D 8 10 27 00 3C FF FF FF FF 
417.094343,2026-07-22 12:01:32.116,5000,,,,,CAN=417.094343 Rx 0 $0CF00400 D 8 FF FF FF 40 9C FF FF FF 
417.094929,2026-07-22 12:01:32.116,,100,,,,CAN=417.094929 Rx 0 $0CF00300 D 8 FF FA FF FF FF FF FF FF 
417.095511,2026-07-22 12:01:32.117,,,150,,,CAN=417.095511 Rx 0 $18FEF100 D 8 FF 00 96 FF FF FF FF FF 
417.096093,2026-07-22 12:01:32.118,,,,500,30,CAN=417.096093 Rx 0 $18FEF200 D 8 10 27 00 3C FF FF FF FF 
417.144505,2026-07-22 12:01:32.166,5000,,,,,CAN=417.144505 Rx 0 $0CF00400 D 8 FF FF FF 40 9C FF FF FF 
417.145091,2026-07-22 12:01:32.167,,100,,,,CAN=417.145091 Rx 0 $0CF00300 D 8 FF FA FF FF FF FF FF FF 
417.145672,2026-07-22 12:01:32.167,,,150,,,CAN=417.145672 Rx 0 $18FEF100 D 8 FF 00 96 FF FF FF FF FF 
417.146254,2026-07-22 12:01:32.168,,,,500,30,CAN=417.146254 Rx 0 $18FEF200 D 8 10 27 00 3C FF FF FF FF 
417.194664,2026-07-22 12:01:32.216,5000,,,,,CAN=417.194664 Rx 0 $0CF00400 D 8 FF FF FF 40 9C FF FF FF 
417.19525,2026-07-22 12:01:32.217,,100,,,,CAN=417.19525 Rx 0 $0CF00300 D 8 FF FA FF FF FF FF FF FF 
417.195832,2026-07-22 12:01:32.217,,,150,,,CAN=417.195832 Rx 0 $18FEF100 D 8 FF 00 96 FF FF FF FF FF 
417.196414,2026-07-22 12:01:32.218,,,,500,30,CAN=417.196414 Rx 0 $18FEF200 D 8 10 27 00 3C FF FF FF FF 
417.244822,2026-07-22 12:01:32.266,5000,,,,,CAN=417.244822 Rx 0 $0CF00400 D 8 FF FF FF 40 9C FF FF FF 
417.245408,2026-07-22 12:01:32.267,,100,,,,CAN=417.245408 Rx 0 $0CF00300 D 8 FF FA FF FF FF FF FF FF 
417.24599,2026-07-22 12:01:32.267,,,150,,,CAN=417.24599 Rx 0 $18FEF100 D 8 FF 00 96 FF FF FF FF FF 
417.246573,2026-07-22 12:01:32.268,,,,500,30,CAN=417.246573 Rx 0 $18FEF200 D 8 10 27 00 3C FF FF FF FF 
417.294988,2026-07-22 12:01:32.316,5000,,,,,CAN=417.294988 Rx 0 $0CF00400 D 8 FF FF FF 40 9C FF FF FF 
417.295574,2026-07-22 12:01:32.317,,100,,,,CAN=417.295574 Rx 0 $0CF00300 D 8 FF FA FF FF FF FF FF FF 
417.296156,2026-07-22 12:01:32.318,,,150,,,CAN=417.296156 Rx 0 $18FEF100 D 8 FF 00 96 FF FF FF FF FF 
417.296738,2026-07-22 12:01:32.318,,,,500,30,CAN=417.296738 Rx 0 $18FEF200 D 8 10 27 00 3C FF FF FF FF 
417.345144,2026-07-22 12:01:32.367,5000,,,,,CAN=417.345144 Rx 0 $0CF00400 D 8 FF FF FF 40 9C FF FF FF 
417.34573,2026-07-22 12:01:32.367,,100,,,,CAN=417.34573 Rx 0 $0CF00300 D 8 FF FA FF FF FF FF FF FF 
417.346312,2026-07-22 12:01:32.368,,,150,,,CAN=417.346312 Rx 0 $18FEF100 D 8 FF 00 96 FF FF FF FF FF 
417.346894,2026-07-22 12:01:32.368,,,,500,30,CAN=417.346894 Rx 0 $18FEF200 D 8 10 27 00 3C FF FF FF FF 
417.395304,2026-07-22 12:01:32.417,5000,,,,,CAN=417.395304 Rx 0 $0CF00400 D 8 FF FF FF 40 9C FF FF FF 
417.39589,2026-07-22 12:01:32.417,,100,,,,CAN=417.39589 Rx 0 $0CF00300 D 8 FF FA FF FF FF FF FF FF 
417.396472,2026-07-22 12:01:32.418,,,150,,,CAN=417.396472 Rx 0 $18FEF100 D 8 FF 00 96 FF FF FF FF FF 
417.397055,2026-07-22 12:01:32.419,,,,500,30,CAN=417.397055 Rx 0 $18FEF200 D 8 10 27 00 3C FF FF FF FF 
417.445464,2026-07-22 12:01:32.467,5000,,,,,CAN=417.445464 Rx 0 $0CF00400 D 8 FF FF FF 40 9C FF FF FF 
417.44605,2026-07-22 12:01:32.468,,100,,,,CAN=417.44605 Rx 0 $0CF00300 D 8 FF FA FF FF FF FF FF FF 
417.446632,2026-07-22 12:01:32.468,,,150,,,CAN=417.446632 Rx 0 $18FEF100 D 8 FF 00 96 FF FF FF FF FF 
417.447214,2026-07-22 12:01:32.469,,,,500,30,CAN=417.447214 Rx 0 $18FEF200 D 8 10 27 00 3C FF FF FF FF 
417.495627,2026-07-22 12:01:32.517,5000,,,,,CAN=417.495627 Rx 0 $0CF00400 D 8 FF FF FF 40 9C FF FF FF 
417.496213,2026-07-22 12:01:32.518,,100,,,,CAN=417.496213 Rx 0 $0CF00300 D 8 FF FA FF FF FF FF FF FF 
417.496795,2026-07-22 12:01:32.518,,,150,,,CAN=417.496795 Rx 0 $18FEF100 D 8 FF 00 96 FF FF FF FF FF 
417.497377,2026-07-22 12:01:32.519,,,,500,30,CAN=417.497377 Rx 0 $18FEF200 D 8 10 27 00 3C FF FF FF FF 
417.545785,2026-07-22 12:01:32.567,5000,,,,,CAN=417.545785 Rx 0 $0CF00400 D 8 FF FF FF 40 9C FF FF FF 
417.546371,2026-07-22 12:01:32.568,,100,,,,CAN=417.546371 Rx 0 $0CF00300 D 8 FF FA FF FF FF FF FF FF 
417.546953,2026-07-22 12:01:32.568,,,150,,,CAN=417.546953 Rx 0 $18FEF100 D 8 FF 00 96 FF FF FF FF FF 
417.547535,2026-07-22 12:01:32.569,,,,500,30,CAN=417.547535 Rx 0 $18FEF200 D 8 10 27 00 3C FF FF FF FF 
417.595946,2026-07-22 12:01:32.617,5000,,,,,CAN=417.595946 Rx 0 $0CF00400 D 8 FF FF FF 40 9C FF FF FF 
417.596532,2026-07-22 12:01:32.618,,100,,,,CAN=417.596532 Rx 0 $0CF00300 D 8 FF FA FF FF FF FF FF FF 
417.597114,2026-07-22 12:01:32.619,,,150,,,CAN=417.597114 Rx 0 $18FEF100 D 8 FF 00 96 FF FF FF FF FF 
417.597696,2026-07-22 12:01:32.619,,,,500,30,CAN=417.597696 Rx 0 $18FEF200 D 8 10 27 00 3C FF FF FF FF 
417.646107,2026-07-22 12:01:32.668,5000,,,,,CAN=417.646107 Rx 0 $0CF00400 D 8 FF FF FF 40 9C FF FF FF 
417.646693,2026-07-22 12:01:32.668,,100,,,,CAN=417.646693 Rx 0 $0CF00300 D 8 FF FA FF FF FF FF FF FF 
417.647275,2026-07-22 12:01:32.669,,,150,,,CAN=417.647275 Rx 0 $18FEF100 D 8 FF 00 96 FF FF FF FF FF 
417.647857,2026-07-22 12:01:32.669,,,,500,30,CAN=417.647857 Rx 0 $18FEF200 D 8 10 27 00 3C FF FF FF FF 
417.696269,2026-07-22 12:01:32.718,5000,,,,,CAN=417.696269 Rx 0 $0CF00400 D 8 FF FF FF 40 9C FF FF FF 
417.696855,2026-07-22 12:01:32.718,,100,,,,CAN=417.696855 Rx 0 $0CF00300 D 8 FF FA FF FF FF FF FF FF 
417.697438,2026-07-22 12:01:32.719,,,150,,,CAN=417.697438 Rx 0 $18FEF100 D 8 FF 00 96 FF FF FF FF FF 
417.69802,2026-07-22 12:01:32.720,,,,500,30,CAN=417.69802 Rx 0 $18FEF200 D 8 10 27 00 3C FF FF FF FF 
417.746429,2026-07-22 12:01:32.768,5000,,,,,CAN=417.746429 Rx 0 $0CF00400 D 8 FF FF FF 40 9C FF FF FF 
417.747016,2026-07-22 12:01:32.769,,100,,,,CAN=417.747016 Rx 0 $0CF00300 D 8 FF FA FF FF FF FF FF FF 
417.747598,2026-07-22 12:01:32.769,,,150,,,CAN=417.747598 Rx 0 $18FEF100 D 8 FF 00 96 FF FF FF FF FF 
417.74818,2026-07-22 12:01:32.770,,,,500,30,CAN=417.74818 Rx 0 $18FEF200 D 8 10 27 00 3C FF FF FF FF 
417.796589,2026-07-22 12:01:32.818,5000,,,,,CAN=417.796589 Rx 0 $0CF00400 D 8 FF FF FF 40 9C FF FF FF 
417.797175,2026-07-22 12:01:32.819,,100,,,,CAN=417.797175 Rx 0 $0CF00300 D 8 FF FA FF FF FF FF FF FF 
417.797757,2026-07-22 12:01:32.819,,,150,,,CAN=417.797757 Rx 0 $18FEF100 D 8 FF 00 96 FF FF FF FF FF 
417.798339,2026-07-22 12:01:32.820,,,,500,30,CAN=417.798339 Rx 0 $18FEF200 D 8 10 27 00 3C FF FF FF FF 
417.846747,2026-07-22 12:01:32.868,5000,,,,,CAN=417.846747 Rx 0 $0CF00400 D 8 FF FF FF 40 9C FF FF FF 
417.847333,2026-07-22 12:01:32.869,,100,,,,CAN=417.847333 Rx 0 $0CF00300 D 8 FF FA FF FF FF FF FF FF 
417.847914,2026-07-22 12:01:32.869,,,150,,,CAN=417.847914 Rx 0 $18FEF100 D 8 FF 00 96 FF FF FF FF FF 
417.848496,2026-07-22 12:01:32.870,,,,500,30,CAN=417.848496 Rx 0 $18FEF200 D 8 10 27 00 3C FF FF FF FF 
417.89691,2026-07-22 12:01:32.918,5000,,,,,CAN=417.89691 Rx 0 $0CF00400 D 8 FF FF FF 40 9C FF FF FF 
417.897495,2026-07-22 12:01:32.919,,100,,,,CAN=417.897495 Rx 0 $0CF00300 D 8 FF FA FF FF FF FF FF FF 
417.898078,2026-07-22 12:01:32.920,,,150,,,CAN=417.898078 Rx 0 $18FEF100 D 8 FF 00 96 FF FF FF FF FF 
417.89866,2026-07-22 12:01:32.920,,,,500,30,CAN=417.89866 Rx 0 $18FEF200 D 8 10 27 00 3C FF FF FF FF 
417.947067,2026-07-22 12:01:32.969,5000,,,,,CAN=417.947067 Rx 0 $0CF00400 D 8 FF FF FF 40 9C FF FF FF 
417.947653,2026-07-22 12:01:32.969,,100,,,,CAN=417.947653 Rx 0 $0CF00300 D 8 FF FA FF FF FF FF FF FF 
417.948235,2026-07-22 12:01:32.970,,,150,,,CAN=417.948235 Rx 0 $18FEF100 D 8 FF 00 96 FF FF FF FF FF 
417.948817,2026-07-22 12:01:32.970,,,,500,30,CAN=417.948817 Rx 0 $18FEF200 D 8 10 27 00 3C FF FF FF FF 
417.997228,2026-07-22 12:01:33.019,5000,,,,,CAN=417.997228 Rx 0 $0CF00400 D 8 FF FF FF 40 9C FF FF FF 
417.997814,2026-07-22 12:01:33.019,,100,,,,CAN=417.997814 Rx 0 $0CF00300 D 8 FF FA FF FF FF FF FF FF 
417.998396,2026-07-22 12:01:33.020,,,150,,,CAN=417.998396 Rx 0 $18FEF100 D 8 FF 00 96 FF FF FF FF FF 
417.998979,2026-07-22 12:01:33.020,,,,500,30,CAN=417.998979 Rx 0 $18FEF200 D 8 10 27 00 3C FF FF FF FF 
418.047389,2026-07-22 12:01:33.069,5000,,,,,CAN=418.047389 Rx 0 $0CF00400 D 8 FF FF FF 40 9C FF FF FF 
418.047975,2026-07-22 12:01:33.069,,100,,,,CAN=418.047975 Rx 0 $0CF00300 D 8 FF FA FF FF FF FF FF FF 
418.048557,2026-07-22 12:01:33.070,,,150,,,CAN=418.048557 Rx 0 $18FEF100 D 8 FF 00 96 FF FF FF FF FF 
418.049139,2026-07-22 12:01:33.071,,,,500,30,CAN=418.049139 Rx 0 $18FEF200 D 8 10 27 00 3C FF FF FF FF 
418.097556,2026-07-22 12:01:33.119,5000,,,,,CAN=418.097556 Rx 0 $0CF00400 D 8 FF FF FF 40 9C FF FF FF 
418.098142,2026-07-22 12:01:33.120,,100,,,,CAN=418.098142 Rx 0 $0CF00300 D 8 FF FA FF FF FF FF FF FF 
418.098724,2026-07-22 12:01:33.120,,,150,,,CAN=418.098724 Rx 0 $18FEF100 D 8 FF 00 96 FF FF FF FF FF 
418.099306,2026-07-22 12:01:33.121,,,,500,30,CAN=418.099306 Rx 0 $18FEF200 D 8 10 27 00 3C FF FF FF FF 
418.147716,2026-07-22 12:01:33.169,5000,,,,,CAN=418.147716 Rx 0 $0CF00400 D 8 FF FF FF 40 9C FF FF FF 
418.148303,2026-07-22 12:01:33.170,,100,,,,CAN=418.148303 Rx 0 $0CF00300 D 8 FF FA FF FF FF FF FF FF 
418.148885,2026-07-22 12:01:33.170,,,150,,,CAN=418.148885 Rx 0 $18FEF100 D 8 FF 00 96 FF FF FF FF FF 
418.149467,2026-07-22 12:01:33.171,,,,500,30,CAN=418.149467 Rx 0 $18FEF200 D 8 10 27 00 3C FF FF FF FF 
418.197882,2026-07-22 12:01:33.219,5000,,,,,CAN=418.197882 Rx 0 $0CF00400 D 8 FF FF FF 40 9C FF FF FF 
418.198468,2026-07-22 12:01:33.220,,100,,,,CAN=418.198468 Rx 0 $0CF00300 D 8 FF FA FF FF FF FF FF FF 
418.19905,2026-07-22 12:01:33.221,,,150,,,CAN=418.19905 Rx 0 $18FEF100 D 8 FF 00 96 FF FF FF FF FF 
418.199632,2026-07-22 12:01:33.221,,,,500,30,CAN=418.199632 Rx 0 $18FEF200 D 8 10 27 00 3C FF FF FF FF 
418.248049,2026-07-22 12:01:33.270,5000,,,,,CAN=418.248049 Rx 0 $0CF00400 D 8 FF FF FF 40 9C FF FF FF 
418.248635,2026-07-22 12:01:33.270,,100,,,,CAN=418.248635 Rx 0 $0CF00300 D 8 FF FA FF FF FF FF FF FF 
418.249217,2026-07-22 12:01:33.271,,,150,,,CAN=418.249217 Rx 0 $18FEF100 D 8 FF 00 96 FF FF FF FF FF 
418.249799,2026-07-22 12:01:33.271,,,,500,30,CAN=418.249799 Rx 0 $18FEF200 D 8 10 27 00 3C FF FF FF FF 
418.298214,2026-07-22 12:01:33.320,5000,,,,,CAN=418.298214 Rx 0 $0CF00400 D 8 FF FF FF 40 9C FF FF FF 
418.2988,2026-07-22 12:01:33.320,,100,,,,CAN=418.2988 Rx 0 $0CF00300 D 8 FF FA FF FF FF FF FF FF 
418.299382,2026-07-22 12:01:33.321,,,150,,,CAN=418.299382 Rx 0 $18FEF100 D 8 FF 00 96 FF FF FF FF FF 
418.299964,2026-07-22 12:01:33.321,,,,500,30,CAN=418.299964 Rx 0 $18FEF200 D 8 10 27 00 3C FF FF FF FF 
418.348378,2026-07-22 12:01:33.370,5000,,,,,CAN=418.348378 Rx 0 $0CF00400 D 8 FF FF FF 40 9C FF FF FF 
418.348964,2026-07-22 12:01:33.370,,100,,,,CAN=418.348964 Rx 0 $0CF00300 D 8 FF FA FF FF FF FF FF FF 
418.349545,2026-07-22 12:01:33.371,,,150,,,CAN=418.349545 Rx 0 $18FEF100 D 8 FF 00 96 FF FF FF FF FF 
418.350127,2026-07-22 12:01:33.372,,,,500,30,CAN=418.350127 Rx 0 $18FEF200 D 8 10 27 00 3C FF FF FF FF 
418.39854,2026-07-22 12:01:33.420,5000,,,,,CAN=418.39854 Rx 0 $0CF00400 D 8 FF FF FF 40 9C FF FF FF 
418.399127,2026-07-22 12:01:33.421,,100,,,,CAN=418.399127 Rx 0 $0CF00300 D 8 FF FA FF FF FF FF FF FF 
418.399708,2026-07-22 12:01:33.421,,,150,,,CAN=418.399708 Rx 0 $18FEF100 D 8 FF 00 96 FF FF FF FF FF 
418.40029,2026-07-22 12:01:33.422,,,,500,30,CAN=418.40029 Rx 0 $18FEF200 D 8 10 27 00 3C FF FF FF FF 
418.4487,2026-07-22 12:01:33.470,5000,,,,,CAN=418.4487 Rx 0 $0CF00400 D 8 FF FF FF 40 9C FF FF FF 
418.449286,2026-07-22 12:01:33.471,,100,,,,CAN=418.449286 Rx 0 $0CF00300 D 8 FF FA FF FF FF FF FF FF 
418.449868,2026-07-22 12:01:33.471,,,150,,,CAN=418.449868 Rx 0 $18FEF100 D 8 FF 00 96 FF FF FF FF FF 
418.45045,2026-07-22 12:01:33.472,,,,500,30,CAN=418.45045 Rx 0 $18FEF200 D 8 10 27 00 3C FF FF FF FF 
418.498863,2026-07-22 12:01:33.520,5000,,,,,CAN=418.498863 Rx 0 $0CF00400 D 8 FF FF FF 40 9C FF FF FF 
418.499449,2026-07-22 12:01:33.521,,100,,,,CAN=418.499449 Rx 0 $0CF00300 D 8 FF FA FF FF FF FF FF FF 
418.500031,2026-07-22 12:01:33.522,,,150,,,CAN=418.500031 Rx 0 $18FEF100 D 8 FF 00 96 FF FF FF FF FF 
418.500613,2026-07-22 12:01:33.522,,,,500,30,CAN=418.500613 Rx 0 $18FEF200 D 8 10 27 00 3C FF FF FF FF 
418.549023,2026-07-22 12:01:33.571,5000,,,,,CAN=418.549023 Rx 0 $0CF00400 D 8 FF FF FF 40 9C FF FF FF 
418.549609,2026-07-22 12:01:33.571,,100,,,,CAN=418.549609 Rx 0 $0CF00300 D 8 FF FA FF FF FF FF FF FF 
418.550191,2026-07-22 12:01:33.572,,,150,,,CAN=418.550191 Rx 0 $18FEF100 D 8 FF 00 96 FF FF FF FF FF 
418.550773,2026-07-22 12:01:33.572,,,,500,30,CAN=418.550773 Rx 0 $18FEF200 D 8 10 27 00 3C FF FF FF FF 
418.599185,2026-07-22 12:01:33.621,5000,,,,,CAN=418.599185 Rx 0 $0CF00400 D 8 FF FF FF 40 9C FF FF FF 
418.599771,2026-07-22 12:01:33.621,,100,,,,CAN=418.599771 Rx 0 $0CF00300 D 8 FF FA FF FF FF FF FF FF 
418.600353,2026-07-22 12:01:33.622,,,150,,,CAN=418.600353 Rx 0 $18FEF100 D 8 FF 00 96 FF FF FF FF FF 
418.600935,2026-07-22 12:01:33.622,,,,500,30,CAN=418.600935 Rx 0 $18FEF200 D 8 10 27 00 3C FF FF FF FF 
418.649342,2026-07-22 12:01:33.671,5000,,,,,CAN=418.649342 Rx 0 $0CF00400 D 8 FF FF FF 40 9C FF FF FF 
418.649928,2026-07-22 12:01:33.671,,100,,,,CAN=418.649928 Rx 0 $0CF00300 D 8 FF FA FF FF FF FF FF FF 
418.65051,2026-07-22 12:01:33.672,,,150,,,CAN=418.65051 Rx 0 $18FEF100 D 8 FF 00 96 FF FF FF FF FF 
418.651092,2026-07-22 12:01:33.673,,,,500,30,CAN=418.651092 Rx 0 $18FEF200 D 8 10 27 00 3C FF FF FF FF 
418.699507,2026-07-22 12:01:33.721,5000,,,,,CAN=418.699507 Rx 0 $0CF00400 D 8 FF FF FF 40 9C FF FF FF 
418.700093,2026-07-22 12:01:33.722,,100,,,,CAN=418.700093 Rx 0 $0CF00300 D 8 FF FA FF FF FF FF FF FF 
418.700676,2026-07-22 12:01:33.722,,,150,,,CAN=418.700676 Rx 0 $18FEF100 D 8 FF 00 96 FF FF FF FF FF 
418.701258,2026-07-22 12:01:33.723,,,,500,30,CAN=418.701258 Rx 0 $18FEF200 D 8 10 27 00 3C FF FF FF FF 
418.749664,2026-07-22 12:01:33.771,5000,,,,,CAN=418.749664 Rx 0 $0CF00400 D 8 FF FF FF 40 9C FF FF FF 
418.75025,2026-07-22 12:01:33.772,,100,,,,CAN=418.75025 Rx 0 $0CF00300 D 8 FF FA FF FF FF FF FF FF 
418.750832,2026-07-22 12:01:33.772,,,150,,,CAN=418.750832 Rx 0 $18FEF100 D 8 FF 00 96 FF FF FF FF FF 
418.751414,2026-07-22 12:01:33.773,,,,500,30,CAN=418.751414 Rx 0 $18FEF200 D 8 10 27 00 3C FF FF FF FF 
418.799823,2026-07-22 12:01:33.821,5000,,,,,CAN=418.799823 Rx 0 $0CF00400 D 8 FF FF FF 40 9C FF FF FF 
418.800409,2026-07-22 12:01:33.822,,100,,,,CAN=418.800409 Rx 0 $0CF00300 D 8 FF FA FF FF FF FF FF FF 
418.800991,2026-07-22 12:01:33.822,,,150,,,CAN=418.800991 Rx 0 $18FEF100 D 8 FF 00 96 FF FF FF FF FF 
418.801573,2026-07-22 12:01:33.823,,,,500,30,CAN=418.801573 Rx 0 $18FEF200 D 8 10 27 00 3C FF FF FF FF 
418.849982,2026-07-22 12:01:33.871,5000,,,,,CAN=418.849982 Rx 0 $0CF00400 D 8 FF FF FF 40 9C FF FF FF 
418.850568,2026-07-22 12:01:33.872,,100,,,,CAN=418.850568 Rx 0 $0CF00300 D 8 FF FA FF FF FF FF FF FF 
418.85115,2026-07-22 12:01:33.873,,,150,,,CAN=418.85115 Rx 0 $18FEF100 D 8 FF 00 96 FF FF FF FF FF 
418.851732,2026-07-22 12:01:33.873,,,,500,30,CAN=418.851732 Rx 0 $18FEF200 D 8 10 27 00 3C FF FF FF FF 
418.900141,2026-07-22 12:01:33.922,5000,,,,,CAN=418.900141 Rx 0 $0CF00400 D 8 FF FF FF 40 9C FF FF FF 
418.900727,2026-07-22 12:01:33.922,,100,,,,CAN=418.900727 Rx 0 $0CF00300 D 8 FF FA FF FF FF FF FF FF 
418.901309,2026-07-22 12:01:33.923,,,150,,,CAN=418.901309 Rx 0 $18FEF100 D 8 FF 00 96 FF FF FF FF FF 
418.901891,2026-07-22 12:01:33.923,,,,500,30,CAN=418.901891 Rx 0 $18FEF200 D 8 10 27 00 3C FF FF FF FF 
418.950301,2026-07-22 12:01:33.972,5000,,,,,CAN=418.950301 Rx 0 $0CF00400 D 8 FF FF FF 40 9C FF FF FF 
418.950887,2026-07-22 12:01:33.972,,100,,,,CAN=418.950887 Rx 0 $0CF00300 D 8 FF FA FF FF FF FF FF FF 
418.951469,2026-07-22 12:01:33.973,,,150,,,CAN=418.951469 Rx 0 $18FEF100 D 8 FF 00 96 FF FF FF FF FF 
418.952051,2026-07-22 12:01:33.974,,,,500,30,CAN=418.952051 Rx 0 $18FEF200 D 8 10 27 00 3C FF FF FF FF 
419.000494,2026-07-22 12:01:34.022,5000,,,,,CAN=419.000494 Rx 0 $0CF00400 D 8 FF FF FF 40 9C FF FF FF 
419.001079,2026-07-22 12:01:34.023,,100,,,,CAN=419.001079 Rx 0 $0CF00300 D 8 FF FA FF FF FF FF FF FF 
419.001662,2026-07-22 12:01:34.023,,,150,,,CAN=419.001662 Rx 0 $18FEF100 D 8 FF 00 96 FF FF FF FF FF 
419.002244,2026-07-22 12:01:34.024,,,,500,30,CAN=419.002244 Rx 0 $18FEF200 D 8 10 27 00 3C FF FF FF FF 
419.050626,2026-07-22 12:01:34.072,800,,,,,CAN=419.050626 Rx 0 $0CF00400 D 8 FF FF FF 00 19 FF FF FF 
419.051208,2026-07-22 12:01:34.073,,10,,,,CAN=419.051208 Rx 0 $0CF00300 D 8 FF 19 FF FF FF FF FF FF 
419.051794,2026-07-22 12:01:34.073,,,60,,,CAN=419.051794 Rx 0 $18FEF100 D 8 FF 00 3C FF FF FF FF FF 
419.052372,2026-07-22 12:01:34.074,,,,50,15,CAN=419.052372 Rx 0 $18FEF200 D 8 E8 03 00 1E FF FF FF FF 
419.10079,2026-07-22 12:01:34.122,830,,,,,CAN=419.10079 Rx 0 $0CF00400 D 8 FF FF FF F0 19 FF FF FF 
419.101372,2026-07-22 12:01:34.123,,10,,,,CAN=419.101372 Rx 0 $0CF00300 D 8 FF 19 FF FF FF FF FF FF 
419.101954,2026-07-22 12:01:34.123,,,62.5,,,CAN=419.101954 Rx 0 $18FEF100 D 8 FF 80 3E FF FF FF FF FF 
419.102532,2026-07-22 12:01:34.124,,,,50,15,CAN=419.102532 Rx 0 $18FEF200 D 8 E8 03 00 1E FF FF FF FF 
419.150948,2026-07-22 12:01:34.172,860,,,,,CAN=419.150948 Rx 0 $0CF00400 D 8 FF FF FF E0 1A FF FF FF 
419.15153,2026-07-22 12:01:34.173,,10,,,,CAN=419.15153 Rx 0 $0CF00300 D 8 FF 19 FF FF FF FF FF FF 
419.152113,2026-07-22 12:01:34.174,,,65,,,CAN=419.152113 Rx 0 $18FEF100 D 8 FF 00 41 FF FF FF FF FF 
419.152691,2026-07-22 12:01:34.174,,,,50,15,CAN=419.152691 Rx 0 $18FEF200 D 8 E8 03 00 1E FF FF FF FF 
419.201113,2026-07-22 12:01:34.223,890,,,,,CAN=419.201113 Rx 0 $0CF00400 D 8 FF FF FF D0 1B FF FF FF 
419.201695,2026-07-22 12:01:34.223,,10,,,,CAN=419.201695 Rx 0 $0CF00300 D 8 FF 19 FF FF FF FF FF FF 
419.202273,2026-07-22 12:01:34.224,,,67.5,,,CAN=419.202273 Rx 0 $18FEF100 D 8 FF 80 43 FF FF FF FF FF 
419.202851,2026-07-22 12:01:34.224,,,,50,15,CAN=419.202851 Rx 0 $18FEF200 D 8 E8 03 00 1E FF FF FF FF 
419.251269,2026-07-22 12:01:34.273,920,,,,,CAN=419.251269 Rx 0 $0CF00400 D 8 FF FF FF C0 1C FF FF FF 
419.251851,2026-07-22 12:01:34.273,,10,,,,CAN=419.251851 Rx 0 $0CF00300 D 8 FF 19 FF FF FF FF FF FF 
419.252429,2026-07-22 12:01:34.274,,,70,,,CAN=419.252429 Rx 0 $18FEF100 D 8 FF 00 46 FF FF FF FF FF 
419.253007,2026-07-22 12:01:34.275,,,,50,15,CAN=419.253007 Rx 0 $18FEF200 D 8 E8 03 00 1E FF FF FF FF 
419.301439,2026-07-22 12:01:34.323,950,,,,,CAN=419.301439 Rx 0 $0CF00400 D 8 FF FF FF B0 1D FF FF FF 
419.302021,2026-07-22 12:01:34.324,,18,,,,CAN=419.302021 Rx 0 $0CF00300 D 8 FF 2D FF FF FF FF FF FF 
419.302595,2026-07-22 12:01:34.324,,,72.3984375,,,CAN=419.302595 Rx 0 $18FEF100 D 8 FF 66 48 FF FF FF FF FF 
419.303173,2026-07-22 12:01:34.325,,,,50,15,CAN=419.303173 Rx 0 $18FEF200 D 8 E8 03 00 1E FF FF FF FF 
419.351595,2026-07-22 12:01:34.373,980,,,,,CAN=419.351595 Rx 0 $0CF00400 D 8 FF FF FF A0 1E FF FF FF 
419.352178,2026-07-22 12:01:34.374,,18,,,,CAN=419.352178 Rx 0 $0CF00300 D 8 FF 2D FF FF FF FF FF FF 
419.352751,2026-07-22 12:01:34.374,,,74.69921875,,,CAN=419.352751 Rx 0 $18FEF100 D 8 FF B3 4A FF FF FF FF FF 
419.35333,2026-07-22 12:01:34.375,,,,50,15,CAN=419.35333 Rx 0 $18FEF200 D 8 E8 03 00 1E FF FF FF FF 
419.401766,2026-07-22 12:01:34.423,1010,,,,,CAN=419.401766 Rx 0 $0CF00400 D 8 FF FF FF 90 1F FF FF FF 
419.402348,2026-07-22 12:01:34.424,,18,,,,CAN=419.402348 Rx 0 $0CF00300 D 8 FF 2D FF FF FF FF FF FF 
419.402926,2026-07-22 12:01:34.424,,,77,,,CAN=419.402926 Rx 0 $18FEF100 D 8 FF 00 4D FF FF FF FF FF 
419.403505,2026-07-22 12:01:34.425,,,,50,15,CAN=419.403505 Rx 0 $18FEF200 D 8 E8 03 00 1E FF FF FF FF 
419.451931,2026-07-22 12:01:34.473,1040,,,,,CAN=419.451931 Rx 0 $0CF00400 D 8 FF FF FF 80 20 FF FF FF 
419.452513,2026-07-22 12:01:34.474,,18,,,,CAN=419.452513 Rx 0 $0CF00300 D 8 FF 2D FF FF FF FF FF FF 
419.453087,2026-07-22 12:01:34.475,,,79.30078125,,,CAN=419.453087 Rx 0 $18FEF100 D 8 FF 4D 4F FF FF FF FF FF 
419.453665,2026-07-22 12:01:34.475,,,,50,15,CAN=419.453665 Rx 0 $18FEF200 D 8 E8 03 00 1E FF FF FF FF 
419.502078,2026-07-22 12:01:34.524,1070,,,,,CAN=419.502078 Rx 0 $0CF00400 D 8 FF FF FF 70 21 FF FF FF 
419.50266,2026-07-22 12:01:34.524,,18,,,,CAN=419.50266 Rx 0 $0CF00300 D 8 FF 2D FF FF FF FF FF FF 
419.503238,2026-07-22 12:01:34.525,,,81.3984375,,,CAN=419.503238 Rx 0 $18FEF100 D 8 FF 66 51 FF FF FF FF FF 
419.503816,2026-07-22 12:01:34.525,,,,50,15,CAN=419.503816 Rx 0 $18FEF200 D 8 E8 03 00 1E FF FF FF FF 
419.552249,2026-07-22 12:01:34.574,1100,,,,,CAN=419.552249 Rx 0 $0CF00400 D 8 FF FF FF 60 22 FF FF FF 
419.552839,2026-07-22 12:01:34.574,,26,,,,CAN=419.552839 Rx 0 $0CF00300 D 8 FF 41 FF FF FF FF FF FF 
419.553417,2026-07-22 12:01:34.575,,,83.5,,,CAN=419.553417 Rx 0 $18FEF100 D 8 FF 80 53 FF FF FF FF FF 
419.553996,2026-07-22 12:01:34.575,,,,50,15,CAN=419.553996 Rx 0 $18FEF200 D 8 E8 03 00 1E FF FF FF FF 
419.602406,2026-07-22 12:01:34.624,1130,,,,,CAN=419.602406 Rx 0 $0CF00400 D 8 FF FF FF 50 23 FF FF FF 
419.602996,2026-07-22 12:01:34.624,,26,,,,CAN=419.602996 Rx 0 $0CF00300 D 8 FF 41 FF FF FF FF FF FF 
419.603579,2026-07-22 12:01:34.625,,,85.5,,,CAN=419.603579 Rx 0 $18FEF100 D 8 FF 80 55 FF FF FF FF FF 
419.604157,2026-07-22 12:01:34.626,,,,50,15,CAN=419.604157 Rx 0 $18FEF200 D 8 E8 03 00 1E FF FF FF FF 
419.652572,2026-07-22 12:01:34.674,1160,,,,,CAN=419.652572 Rx 0 $0CF00400 D 8 FF FF FF 40 24 FF FF FF 
419.653163,2026-07-22 12:01:34.675,,26,,,,CAN=419.653163 Rx 0 $0CF00300 D 8 FF 41 FF FF FF FF FF FF 
419.653737,2026-07-22 12:01:34.675,,,87.3984375,,,CAN=419.653737 Rx 0 $18FEF100 D 8 FF 66 57 FF FF FF FF FF 
419.654315,2026-07-22 12:01:34.676,,,,50,15,CAN=419.654315 Rx 0 $18FEF200 D 8 E8 03 00 1E FF FF FF FF 
419.702739,2026-07-22 12:01:34.724,1190,,,,,CAN=419.702739 Rx 0 $0CF00400 D 8 FF FF FF 30 25 FF FF FF 
419.703329,2026-07-22 12:01:34.725,,26,,,,CAN=419.703329 Rx 0 $0CF00300 D 8 FF 41 FF FF FF FF FF FF 
419.703903,2026-07-22 12:01:34.725,,,89.19921875,,,CAN=419.703903 Rx 0 $18FEF100 D 8 FF 33 59 FF FF FF FF FF 
419.704482,2026-07-22 12:01:34.726,,,,50,15,CAN=419.704482 Rx 0 $18FEF200 D 8 E8 03 00 1E FF FF FF FF 
419.752895,2026-07-22 12:01:34.774,1220,,,,,CAN=419.752895 Rx 0 $0CF00400 D 8 FF FF FF 20 26 FF FF FF 
419.753485,2026-07-22 12:01:34.775,,26,,,,CAN=419.753485 Rx 0 $0CF00300 D 8 FF 41 FF FF FF FF FF FF 
419.754067,2026-07-22 12:01:34.776,,,90.80078125,,,CAN=419.754067 Rx 0 $18FEF100 D 8 FF CD 5A FF FF FF FF FF 
419.754645,2026-07-22 12:01:34.776,,,,50,15,CAN=419.754645 Rx 0 $18FEF200 D 8 E8 03 00 1E FF FF FF FF 
419.803055,2026-07-22 12:01:34.825,1250,,,,,CAN=419.803055 Rx 0 $0CF00400 D 8 FF FF FF 10 27 FF FF FF 
419.803633,2026-07-22 12:01:34.825,,34,,,,CAN=419.803633 Rx 0 $0CF00300 D 8 FF 55 FF FF FF FF FF FF 
419.804208,2026-07-22 12:01:34.826,,,92.3984375,,,CAN=419.804208 Rx 0 $18FEF100 D 8 FF 66 5C FF FF FF FF FF 
419.804785,2026-07-22 12:01:34.826,,,,50,15,CAN=419.804785 Rx 0 $18FEF200 D 8 E8 03 00 1E FF FF FF FF 
419.853217,2026-07-22 12:01:34.875,1280,,,,,CAN=419.853217 Rx 0 $0CF00400 D 8 FF FF FF 00 28 FF FF FF 
419.853795,2026-07-22 12:01:34.875,,34,,,,CAN=419.853795 Rx 0 $0CF00300 D 8 FF 55 FF FF FF FF FF FF 
419.854376,2026-07-22 12:01:34.876,,,93.80078125,,,CAN=419.854376 Rx 0 $18FEF100 D 8 FF CD 5D FF FF FF FF FF 
419.854951,2026-07-22 12:01:34.876,,,,50,15,CAN=419.854951 Rx 0 $18FEF200 D 8 E8 03 00 1E FF FF FF FF 
419.903373,2026-07-22 12:01:34.925,1310,,,,,CAN=419.903373 Rx 0 $0CF00400 D 8 FF FF FF F0 28 FF FF FF 
419.903951,2026-07-22 12:01:34.925,,34,,,,CAN=419.903951 Rx 0 $0CF00300 D 8 FF 55 FF FF FF FF FF FF 
419.904537,2026-07-22 12:01:34.926,,,95,,,CAN=419.904537 Rx 0 $18FEF100 D 8 FF 00 5F FF FF FF FF FF 
419.905115,2026-07-22 12:01:34.927,,,,50,15,CAN=419.905115 Rx 0 $18FEF200 D 8 E8 03 00 1E FF FF FF FF 
419.953536,2026-07-22 12:01:34.975,1340,,,,,CAN=419.953536 Rx 0 $0CF00400 D 8 FF FF FF E0 29 FF FF FF 
419.954114,2026-07-22 12:01:34.976,,34,,,,CAN=419.954114 Rx 0 $0CF00300 D 8 FF 55 FF FF FF FF FF FF 
419.954692,2026-07-22 12:01:34.976,,,96.19921875,,,CAN=419.954692 Rx 0 $18FEF100 D 8 FF 33 60 FF FF FF FF FF 
419.95527,2026-07-22 12:01:34.977,,,,50,15,CAN=419.95527 Rx 0 $18FEF200 D 8 E8 03 00 1E FF FF FF FF 
420.003693,2026-07-22 12:01:35.025,1370,,,,,CAN=420.003693 Rx 0 $0CF00400 D 8 FF FF FF D0 2A FF FF FF 
420.004271,2026-07-22 12:01:35.026,,34,,,,CAN=420.004271 Rx 0 $0CF00300 D 8 FF 55 FF FF FF FF FF FF 
420.004845,2026-07-22 12:01:35.026,,,97.19921875,,,CAN=420.004845 Rx 0 $18FEF100 D 8 FF 33 61 FF FF FF FF FF 
420.005423,2026-07-22 12:01:35.027,,,,50,15,CAN=420.005423 Rx 0 $18FEF200 D 8 E8 03 00 1E FF FF FF FF 
420.053857,2026-07-22 12:01:35.075,1400,,,,,CAN=420.053857 Rx 0 $0CF00400 D 8 FF FF FF C0 2B FF FF FF 
420.054439,2026-07-22 12:01:35.076,,42,,,,CAN=420.054439 Rx 0 $0CF00300 D 8 FF 69 FF FF FF FF FF FF 
420.055018,2026-07-22 12:01:35.077,,,98,,,CAN=420.055018 Rx 0 $18FEF100 D 8 FF 00 62 FF FF FF FF FF 
420.055596,2026-07-22 12:01:35.077,,,,50,15,CAN=420.055596 Rx 0 $18FEF200 D 8 E8 03 00 1E FF FF FF FF 
420.104014,2026-07-22 12:01:35.126,1430,,,,,CAN=420.104014 Rx 0 $0CF00400 D 8 FF FF FF B0 2C FF FF FF 
420.104596,2026-07-22 12:01:35.126,,42,,,,CAN=420.104596 Rx 0 $0CF00300 D 8 FF 69 FF FF FF FF FF FF 
420.10517,2026-07-22 12:01:35.127,,,98.69921875,,,CAN=420.10517 Rx 0 $18FEF100 D 8 FF B3 62 FF FF FF FF FF 
420.105748,2026-07-22 12:01:35.127,,,,50,15,CAN=420.105748 Rx 0 $18FEF200 D 8 E8 03 00 1E FF FF FF FF 
420.154178,2026-07-22 12:01:35.176,1460,,,,,CAN=420.154178 Rx 0 $0CF00400 D 8 FF FF FF A0 2D FF FF FF 
420.15476,2026-07-22 12:01:35.176,,42,,,,CAN=420.15476 Rx 0 $0CF00300 D 8 FF 69 FF FF FF FF FF FF 
420.155334,2026-07-22 12:01:35.177,,,99.30078125,,,CAN=420.155334 Rx 0 $18FEF100 D 8 FF 4D 63 FF FF FF FF FF 
420.155912,2026-07-22 12:01:35.177,,,,50,15,CAN=420.155912 Rx 0 $18FEF200 D 8 E8 03 00 1E FF FF FF FF 
420.204332,2026-07-22 12:01:35.226,1490,,,,,CAN=420.204332 Rx 0 $0CF00400 D 8 FF FF FF 90 2E FF FF FF 
420.204914,2026-07-22 12:01:35.226,,42,,,,CAN=420.204914 Rx 0 $0CF00300 D 8 FF 69 FF FF FF FF FF FF 
420.205488,2026-07-22 12:01:35.227,,,99.69921875,,,CAN=420.205488 Rx 0 $18FEF100 D 8 FF B3 63 FF FF FF FF FF 
420.206066,2026-07-22 12:01:35.228,,,,50,15,CAN=420.206066 Rx 0 $18FEF200 D 8 E8 03 00 1E FF FF FF FF 
420.254507,2026-07-22 12:01:35.276,1520,,,,,CAN=420.254507 Rx 0 $0CF00400 D 8 FF FF FF 80 2F FF FF FF 
420.255089,2026-07-22 12:01:35.277,,42,,,,CAN=420.255089 Rx 0 $0CF00300 D 8 FF 69 FF FF FF FF FF FF 
420.255671,2026-07-22 12:01:35.277,,,99.8984375,,,CAN=420.255671 Rx 0 $18FEF100 D 8 FF E6 63 FF FF FF FF FF 
420.25625,2026-07-22 12:01:35.278,,,,50,15,CAN=420.25625 Rx 0 $18FEF200 D 8 E8 03 00 1E FF FF FF FF 
420.304652,2026-07-22 12:01:35.326,1550,,,,,CAN=420.304652 Rx 0 $0CF00400 D 8 FF FF FF 70 30 FF FF FF 
420.305238,2026-07-22 12:01:35.327,,50,,,,CAN=420.305238 Rx 0 $0CF00300 D 8 FF 7D FF FF FF FF FF FF 
420.305816,2026-07-22 12:01:35.327,,,100,,,CAN=420.305816 Rx 0 $18FEF100 D 8 FF 00 64 FF FF FF FF FF 
420.306394,2026-07-22 12:01:35.328,,,,120,15,CAN=420.306394 Rx 0 $18FEF200 D 8 60 09 00 1E FF FF FF FF 
420.354821,2026-07-22 12:01:35.376,1580,,,,,CAN=420.354821 Rx 0 $0CF00400 D 8 FF FF FF 60 31 FF FF FF 
420.355407,2026-07-22 12:01:35.377,,50,,,,CAN=420.355407 Rx 0 $0CF00300 D 8 FF 7D FF FF FF FF FF FF 
420.355989,2026-07-22 12:01:35.377,,,99.8984375,,,CAN=420.355989 Rx 0 $18FEF100 D 8 FF E6 63 FF FF FF FF FF 
420.356567,2026-07-22 12:01:35.378,,,,120,15,CAN=420.356567 Rx 0 $18FEF200 D 8 60 09 00 1E FF FF FF FF 
420.40498,2026-07-22 12:01:35.426,1610,,,,,CAN=420.40498 Rx 0 $0CF00400 D 8 FF FF FF 50 32 FF FF FF 
420.405566,2026-07-22 12:01:35.427,,50,,,,CAN=420.405566 Rx 0 $0CF00300 D 8 FF 7D FF FF FF FF FF FF 
420.40614,2026-07-22 12:01:35.428,,,99.69921875,,,CAN=420.40614 Rx 0 $18FEF100 D 8 FF B3 63 FF FF FF FF FF 
420.406718,2026-07-22 12:01:35.428,,,,120,15,CAN=420.406718 Rx 0 $18FEF200 D 8 60 09 00 1E FF FF FF FF 
420.455143,2026-07-22 12:01:35.477,1640,,,,,CAN=420.455143 Rx 0 $0CF00400 D 8 FF FF FF 40 33 FF FF FF 
420.455729,2026-07-22 12:01:35.477,,50,,,,CAN=420.455729 Rx 0 $0CF00300 D 8 FF 7D FF FF FF FF FF FF 
420.456303,2026-07-22 12:01:35.478,,,99.30078125,,,CAN=420.456303 Rx 0 $18FEF100 D 8 FF 4D 63 FF FF FF FF FF 
420.456881,2026-07-22 12:01:35.478,,,,120,15,CAN=420.456881 Rx 0 $18FEF200 D 8 60 09 00 1E FF FF FF FF 
420.505301,2026-07-22 12:01:35.527,1670,,,,,CAN=420.505301 Rx 0 $0CF00400 D 8 FF FF FF 30 34 FF FF FF 
420.505887,2026-07-22 12:01:35.527,,50,,,,CAN=420.505887 Rx 0 $0CF00300 D 8 FF 7D FF FF FF FF FF FF 
420.506461,2026-07-22 12:01:35.528,,,98.69921875,,,CAN=420.506461 Rx 0 $18FEF100 D 8 FF B3 62 FF FF FF FF FF 
420.507039,2026-07-22 12:01:35.529,,,,120,15,CAN=420.507039 Rx 0 $18FEF200 D 8 60 09 00 1E FF FF FF FF 
420.555467,2026-07-22 12:01:35.577,1700,,,,,CAN=420.555467 Rx 0 $0CF00400 D 8 FF FF FF 20 35 FF FF FF 
420.556049,2026-07-22 12:01:35.578,,58,,,,CAN=420.556049 Rx 0 $0CF00300 D 8 FF 91 FF FF FF FF FF FF 
420.556627,2026-07-22 12:01:35.578,,,98,,,CAN=420.556627 Rx 0 $18FEF100 D 8 FF 00 62 FF FF FF FF FF 
420.557205,2026-07-22 12:01:35.579,,,,120,15,CAN=420.557205 Rx 0 $18FEF200 D 8 60 09 00 1E FF FF FF FF 
420.60562,2026-07-22 12:01:35.627,1730,,,,,CAN=420.60562 Rx 0 $0CF00400 D 8 FF FF FF 10 36 FF FF FF 
420.606202,2026-07-22 12:01:35.628,,58,,,,CAN=420.606202 Rx 0 $0CF00300 D 8 FF 91 FF FF FF FF FF FF 
420.606776,2026-07-22 12:01:35.628,,,97.19921875,,,CAN=420.606776 Rx 0 $18FEF100 D 8 FF 33 61 FF FF FF FF FF 
420.607354,2026-07-22 12:01:35.629,,,,120,15,CAN=420.607354 Rx 0 $18FEF200 D 8 60 09 00 1E FF FF FF FF 
420.655789,2026-07-22 12:01:35.677,1760,,,,,CAN=420.655789 Rx 0 $0CF00400 D 8 FF FF FF 00 37 FF FF FF 
420.656371,2026-07-22 12:01:35.678,,58,,,,CAN=420.656371 Rx 0 $0CF00300 D 8 FF 91 FF FF FF FF FF FF 
420.656949,2026-07-22 12:01:35.678,,,96.19921875,,,CAN=420.656949 Rx 0 $18FEF100 D 8 FF 33 60 FF FF FF FF FF 
420.657527,2026-07-22 12:01:35.679,,,,120,15,CAN=420.657527 Rx 0 $18FEF200 D 8 60 09 00 1E FF FF FF FF 
420.705946,2026-07-22 12:01:35.727,1790,,,,,CAN=420.705946 Rx 0 $0CF00400 D 8 FF FF FF F0 37 FF FF FF 
420.706528,2026-07-22 12:01:35.728,,58,,,,CAN=420.706528 Rx 0 $0CF00300 D 8 FF 91 FF FF FF FF FF FF 
420.707115,2026-07-22 12:01:35.729,,,95,,,CAN=420.707115 Rx 0 $18FEF100 D 8 FF 00 5F FF FF FF FF FF 
420.707692,2026-07-22 12:01:35.729,,,,120,15,CAN=420.707692 Rx 0 $18FEF200 D 8 60 09 00 1E FF FF FF FF 
420.756102,2026-07-22 12:01:35.778,1820,,,,,CAN=420.756102 Rx 0 $0CF00400 D 8 FF FF FF E0 38 FF FF FF 
420.756684,2026-07-22 12:01:35.778,,58,,,,CAN=420.756684 Rx 0 $0CF00300 D 8 FF 91 FF FF FF FF FF FF 
420.757262,2026-07-22 12:01:35.779,,,93.80078125,,,CAN=420.757262 Rx 0 $18FEF100 D 8 FF CD 5D FF FF FF FF FF 
420.75784,2026-07-22 12:01:35.779,,,,120,15,CAN=420.75784 Rx 0 $18FEF200 D 8 60 09 00 1E FF FF FF FF 
420.806262,2026-07-22 12:01:35.828,1850,,,,,CAN=420.806262 Rx 0 $0CF00400 D 8 FF FF FF D0 39 FF FF FF 
420.80684,2026-07-22 12:01:35.828,,66,,,,CAN=420.80684 Rx 0 $0CF00300 D 8 FF A5 FF FF FF FF FF FF 
420.807414,2026-07-22 12:01:35.829,,,92.3984375,,,CAN=420.807414 Rx 0 $18FEF100 D 8 FF 66 5C FF FF FF FF FF 
420.807992,2026-07-22 12:01:35.829,,,,120,15,CAN=420.807992 Rx 0 $18FEF200 D 8 60 09 00 1E FF FF FF FF 
420.856423,2026-07-22 12:01:35.878,1880,,,,,CAN=420.856423 Rx 0 $0CF00400 D 8 FF FF FF C0 3A FF FF FF 
420.857001,2026-07-22 12:01:35.879,,66,,,,CAN=420.857001 Rx 0 $0CF00300 D 8 FF A5 FF FF FF FF FF FF 
420.857583,2026-07-22 12:01:35.879,,,90.80078125,,,CAN=420.857583 Rx 0 $18FEF100 D 8 FF CD 5A FF FF FF FF FF 
420.858161,2026-07-22 12:01:35.880,,,,120,15,CAN=420.858161 Rx 0 $18FEF200 D 8 60 09 00 1E FF FF FF FF 
420.906577,2026-07-22 12:01:35.928,1910,,,,,CAN=420.906577 Rx 0 $0CF00400 D 8 FF FF FF B0 3B FF FF FF 
420.907156,2026-07-22 12:01:35.929,,66,,,,CAN=420.907156 Rx 0 $0CF00300 D 8 FF A5 FF FF FF FF FF FF 
420.90773,2026-07-22 12:01:35.929,,,89.19921875,,,CAN=420.90773 Rx 0 $18FEF100 D 8 FF 33 59 FF FF FF FF FF 
420.908308,2026-07-22 12:01:35.930,,,,120,15,CAN=420.908308 Rx 0 $18FEF200 D 8 60 09 00 1E FF FF FF FF 
420.95674,2026-07-22 12:01:35.978,1940,,,,,CAN=420.95674 Rx 0 $0CF00400 D 8 FF FF FF A0 3C FF FF FF 
420.957317,2026-07-22 12:01:35.979,,66,,,,CAN=420.957317 Rx 0 $0CF00300 D 8 FF A5 FF FF FF FF FF FF 
420.957891,2026-07-22 12:01:35.979,,,87.3984375,,,CAN=420.957891 Rx 0 $18FEF100 D 8 FF 66 57 FF FF FF FF FF 
420.95847,2026-07-22 12:01:35.980,,,,120,15,CAN=420.95847 Rx 0 $18FEF200 D 8 60 09 00 1E FF FF FF FF 
421.006905,2026-07-22 12:01:36.028,1970,,,,,CAN=421.006905 Rx 0 $0CF00400 D 8 FF FF FF 90 3D FF FF FF 
421.007483,2026-07-22 12:01:36.029,,66,,,,CAN=421.007483 Rx 0 $0CF00300 D 8 FF A5 FF FF FF FF FF FF 
421.008066,2026-07-22 12:01:36.030,,,85.5,,,CAN=421.008066 Rx 0 $18FEF100 D 8 FF 80 55 FF FF FF FF FF 
421.008644,2026-07-22 12:01:36.030,,,,120,15,CAN=421.008644 Rx 0 $18FEF200 D 8 60 09 00 1E FF FF FF FF 
421.057068,2026-07-22 12:01:36.079,2000,,,,,CAN=421.057068 Rx 0 $0CF00400 D 8 FF FF FF 80 3E FF FF FF 
421.057646,2026-07-22 12:01:36.079,,74,,,,CAN=421.057646 Rx 0 $0CF00300 D 8 FF B9 FF FF FF FF FF FF 
421.058225,2026-07-22 12:01:36.080,,,83.5,,,CAN=421.058225 Rx 0 $18FEF100 D 8 FF 80 53 FF FF FF FF FF 
421.058803,2026-07-22 12:01:36.080,,,,120,15,CAN=421.058803 Rx 0 $18FEF200 D 8 60 09 00 1E FF FF FF FF 
421.107226,2026-07-22 12:01:36.129,2030,,,,,CAN=421.107226 Rx 0 $0CF00400 D 8 FF FF FF 70 3F FF FF FF 
421.107804,2026-07-22 12:01:36.129,,74,,,,CAN=421.107804 Rx 0 $0CF00300 D 8 FF B9 FF FF FF FF FF FF 
421.108382,2026-07-22 12:01:36.130,,,81.3984375,,,CAN=421.108382 Rx 0 $18FEF100 D 8 FF 66 51 FF FF FF FF FF 
421.10896,2026-07-22 12:01:36.130,,,,120,15,CAN=421.10896 Rx 0 $18FEF200 D 8 60 09 00 1E FF FF FF FF 
421.157381,2026-07-22 12:01:36.179,2060,,,,,CAN=421.157381 Rx 0 $0CF00400 D 8 FF FF FF 60 40 FF FF FF 
421.157959,2026-07-22 12:01:36.179,,74,,,,CAN=421.157959 Rx 0 $0CF00300 D 8 FF B9 FF FF FF FF FF FF 
421.158533,2026-07-22 12:01:36.180,,,79.30078125,,,CAN=421.158533 Rx 0 $18FEF100 D 8 FF 4D 4F FF FF FF FF FF 
421.159111,2026-07-22 12:01:36.181,,,,120,15,CAN=421.159111 Rx 0 $18FEF200 D 8 60 09 00 1E FF FF FF FF 
421.20754,2026-07-22 12:01:36.229,2090,,,,,CAN=421.20754 Rx 0 $0CF00400 D 8 FF FF FF 50 41 FF FF FF 
421.208118,2026-07-22 12:01:36.230,,74,,,,CAN=421.208118 Rx 0 $0CF00300 D 8 FF B9 FF FF FF FF FF FF 
421.208696,2026-07-22 12:01:36.230,,,77,,,CAN=421.208696 Rx 0 $18FEF100 D 8 FF 00 4D FF FF FF FF FF 
421.209274,2026-07-22 12:01:36.231,,,,120,15,CAN=421.209274 Rx 0 $18FEF200 D 8 60 09 00 1E FF FF FF FF 
421.257697,2026-07-22 12:01:36.279,2120,,,,,CAN=421.257697 Rx 0 $0CF00400 D 8 FF FF FF 40 42 FF FF FF 
421.258275,2026-07-22 12:01:36.280,,74,,,,CAN=421.258275 Rx 0 $0CF00300 D 8 FF B9 FF FF FF FF FF FF 
421.258849,2026-07-22 12:01:36.280,,,74.69921875,,,CAN=421.258849 Rx 0 $18FEF100 D 8 FF B3 4A FF FF FF FF FF 
421.259427,2026-07-22 12:01:36.281,,,,120,15,CAN=421.259427 Rx 0 $18FEF200 D 8 60 09 00 1E FF FF FF FF 
421.307855,2026-07-22 12:01:36.329,2150,,,,,CAN=421.307855 Rx 0 $0CF00400 D 8 FF FF FF 30 43 FF FF FF 
421.308441,2026-07-22 12:01:36.330,,82,,,,CAN=421.308441 Rx 0 $0CF00300 D 8 FF CD FF FF FF FF FF FF 
421.309015,2026-07-22 12:01:36.331,,,72.3984375,,,CAN=421.309015 Rx 0 $18FEF100 D 8 FF 66 48 FF FF FF FF FF 
421.309593,2026-07-22 12:01:36.331,,,,120,15,CAN=421.309593 Rx 0 $18FEF200 D 8 60 09 00 1E FF FF FF FF 
421.358004,2026-07-22 12:01:36.380,2180,,,,,CAN=421.358004 Rx 0 $0CF00400 D 8 FF FF FF 20 44 FF FF FF 
421.35859,2026-07-22 12:01:36.380,,82,,,,CAN=421.35859 Rx 0 $0CF00300 D 8 FF CD FF FF FF FF FF FF 
421.359168,2026-07-22 12:01:36.381,,,70,,,CAN=421.359168 Rx 0 $18FEF100 D 8 FF 00 46 FF FF FF FF FF 
421.359746,2026-07-22 12:01:36.381,,,,120,15,CAN=421.359746 Rx 0 $18FEF200 D 8 60 09 00 1E FF FF FF FF 
421.408167,2026-07-22 12:01:36.430,2210,,,,,CAN=421.408167 Rx 0 $0CF00400 D 8 FF FF FF 10 45 FF FF FF 
421.408753,2026-07-22 12:01:36.430,,82,,,,CAN=421.408753 Rx 0 $0CF00300 D 8 FF CD FF FF FF FF FF FF 
421.409331,2026-07-22 12:01:36.431,,,67.5,,,CAN=421.409331 Rx 0 $18FEF100 D 8 FF 80 43 FF FF FF FF FF 
421.409909,2026-07-22 12:01:36.431,,,,120,15,CAN=421.409909 Rx 0 $18FEF200 D 8 60 09 00 1E FF FF FF FF 
421.458323,2026-07-22 12:01:36.480,2240,,,,,CAN=421.458323 Rx 0 $0CF00400 D 8 FF FF FF 00 46 FF FF FF 
421.458909,2026-07-22 12:01:36.480,,82,,,,CAN=421.458909 Rx 0 $0CF00300 D 8 FF CD FF FF FF FF FF FF 
421.459491,2026-07-22 12:01:36.481,,,65,,,CAN=421.459491 Rx 0 $18FEF100 D 8 FF 00 41 FF FF FF FF FF 
421.460069,2026-07-22 12:01:36.482,,,,120,15,CAN=421.460069 Rx 0 $18FEF200 D 8 60 09 00 1E FF FF FF FF 
421.508489,2026-07-22 12:01:36.530,2270,,,,,CAN=421.508489 Rx 0 $0CF00400 D 8 FF FF FF F0 46 FF FF FF 
421.509075,2026-07-22 12:01:36.531,,82,,,,CAN=421.509075 Rx 0 $0CF00300 D 8 FF CD FF FF FF FF FF FF 
421.509657,2026-07-22 12:01:36.531,,,62.5,,,CAN=421.509657 Rx 0 $18FEF100 D 8 FF 80 3E FF FF FF FF FF 
421.510235,2026-07-22 12:01:36.532,,,,120,15,CAN=421.510235 Rx 0 $18FEF200 D 8 60 09 00 1E FF FF FF FF 
421.558644,2026-07-22 12:01:36.580,2270,,,,,CAN=421.558644 Rx 0 $0CF00400 D 8 FF FF FF F0 46 FF FF FF 
421.55923,2026-07-22 12:01:36.581,,82,,,,CAN=421.55923 Rx 0 $0CF00300 D 8 FF CD FF FF FF FF FF FF 
421.559816,2026-07-22 12:01:36.581,,,60,,,CAN=421.559816 Rx 0 $18FEF100 D 8 FF 00 3C FF FF FF FF FF 
421.560391,2026-07-22 12:01:36.582,,,,250,15,CAN=421.560391 Rx 0 $18FEF200 D 8 88 13 00 1E FF FF FF FF 
421.608797,2026-07-22 12:01:36.630,2240,,,,,CAN=421.608797 Rx 0 $0CF00400 D 8 FF FF FF 00 46 FF FF FF 
421.609383,2026-07-22 12:01:36.631,,82,,,,CAN=421.609383 Rx 0 $0CF00300 D 8 FF CD FF FF FF FF FF FF 
421.609961,2026-07-22 12:01:36.631,,,57.5,,,CAN=421.609961 Rx 0 $18FEF100 D 8 FF 80 39 FF FF FF FF FF 
421.610535,2026-07-22 12:01:36.632,,,,250,15,CAN=421.610535 Rx 0 $18FEF200 D 8 88 13 00 1E FF FF FF FF 
421.658959,2026-07-22 12:01:36.680,2210,,,,,CAN=421.658959 Rx 0 $0CF00400 D 8 FF FF FF 10 45 FF FF FF 
421.659545,2026-07-22 12:01:36.681,,82,,,,CAN=421.659545 Rx 0 $0CF00300 D 8 FF CD FF FF FF FF FF FF 
421.660127,2026-07-22 12:01:36.682,,,55,,,CAN=421.660127 Rx 0 $18FEF100 D 8 FF 00 37 FF FF FF FF FF 
421.660701,2026-07-22 12:01:36.682,,,,250,15,CAN=421.660701 Rx 0 $18FEF200 D 8 88 13 00 1E FF FF FF FF 
421.709114,2026-07-22 12:01:36.731,2180,,,,,CAN=421.709114 Rx 0 $0CF00400 D 8 FF FF FF 20 44 FF FF FF 
421.7097,2026-07-22 12:01:36.731,,82,,,,CAN=421.7097 Rx 0 $0CF00300 D 8 FF CD FF FF FF FF FF FF 
421.710282,2026-07-22 12:01:36.732,,,52.5,,,CAN=421.710282 Rx 0 $18FEF100 D 8 FF 80 34 FF FF FF FF FF 
421.710856,2026-07-22 12:01:36.732,,,,250,15,CAN=421.710856 Rx 0 $18FEF200 D 8 88 13 00 1E FF FF FF FF 
421.759277,2026-07-22 12:01:36.781,2150,,,,,CAN=421.759277 Rx 0 $0CF00400 D 8 FF FF FF 30 43 FF FF FF 
421.759863,2026-07-22 12:01:36.781,,82,,,,CAN=421.759863 Rx 0 $0CF00300 D 8 FF CD FF FF FF FF FF FF 
421.760445,2026-07-22 12:01:36.782,,,50,,,CAN=421.760445 Rx 0 $18FEF100 D 8 FF 00 32 FF FF FF FF FF 
421.761019,2026-07-22 12:01:36.783,,,,250,15,CAN=421.761019 Rx 0 $18FEF200 D 8 88 13 00 1E FF FF FF FF 
421.809433,2026-07-22 12:01:36.831,2120,,,,,CAN=421.809433 Rx 0 $0CF00400 D 8 FF FF FF 40 42 FF FF FF 
421.810011,2026-07-22 12:01:36.832,,74,,,,CAN=421.810011 Rx 0 $0CF00300 D 8 FF B9 FF FF FF FF FF FF 
421.810589,2026-07-22 12:01:36.832,,,47.6015625,,,CAN=421.810589 Rx 0 $18FEF100 D 8 FF 9A 2F FF FF FF FF FF 
421.811164,2026-07-22 12:01:36.833,,,,250,15,CAN=421.811164 Rx 0 $18FEF200 D 8 88 13 00 1E FF FF FF FF 
421.859599,2026-07-22 12:01:36.881,2090,,,,,CAN=421.859599 Rx 0 $0CF00400 D 8 FF FF FF 50 41 FF FF FF 
421.860177,2026-07-22 12:01:36.882,,74,,,,CAN=421.860177 Rx 0 $0CF00300 D 8 FF B9 FF FF FF FF FF FF 
421.860751,2026-07-22 12:01:36.882,,,45.30078125,,,CAN=421.860751 Rx 0 $18FEF100 D 8 FF 4D 2D FF FF FF FF FF 
421.861325,2026-07-22 12:01:36.883,,,,250,15,CAN=421.861325 Rx 0 $18FEF200 D 8 88 13 00 1E FF FF FF FF 
421.909758,2026-07-22 12:01:36.931,2060,,,,,CAN=421.909758 Rx 0 $0CF00400 D 8 FF FF FF 60 40 FF FF FF 
421.910336,2026-07-22 12:01:36.932,,74,,,,CAN=421.910336 Rx 0 $0CF00300 D 8 FF B9 FF FF FF FF FF FF 
421.910922,2026-07-22 12:01:36.932,,,43,,,CAN=421.910922 Rx 0 $18FEF100 D 8 FF 00 2B FF FF FF FF FF 
421.911496,2026-07-22 12:01:36.933,,,,250,15,CAN=421.911496 Rx 0 $18FEF200 D 8 88 13 00 1E FF FF FF FF 
421.959917,2026-07-22 12:01:36.981,2030,,,,,CAN=421.959917 Rx 0 $0CF00400 D 8 FF FF FF 70 3F FF FF FF 
421.960495,2026-07-22 12:01:36.982,,74,,,,CAN=421.960495 Rx 0 $0CF00300 D 8 FF B9 FF FF FF FF FF FF 
421.961073,2026-07-22 12:01:36.983,,,40.69921875,,,CAN=421.961073 Rx 0 $18FEF100 D 8 FF B3 28 FF FF FF FF FF 
421.961647,2026-07-22 12:01:36.983,,,,250,15,CAN=421.961647 Rx 0 $18FEF200 D 8 88 13 00 1E FF FF FF FF 
422.010077,2026-07-22 12:01:37.032,2000,,,,,CAN=422.010077 Rx 0 $0CF00400 D 8 FF FF FF 80 3E FF FF FF 
422.010655,2026-07-22 12:01:37.032,,74,,,,CAN=422.010655 Rx 0 $0CF00300 D 8 FF B9 FF FF FF FF FF FF 
422.011233,2026-07-22 12:01:37.033,,,38.6015625,,,CAN=422.011233 Rx 0 $18FEF100 D 8 FF 9A 26 FF FF FF FF FF 
422.011807,2026-07-22 12:01:37.033,,,,250,15,CAN=422.011807 Rx 0 $18FEF200 D 8 88 13 00 1E FF FF FF FF 
422.060236,2026-07-22 12:01:37.082,1970,,,,,CAN=422.060236 Rx 0 $0CF00400 D 8 FF FF FF 90 3D FF FF FF 
422.060814,2026-07-22 12:01:37.082,,66,,,,CAN=422.060814 Rx 0 $0CF00300 D 8 FF A5 FF FF FF FF FF FF 
422.061392,2026-07-22 12:01:37.083,,,36.5,,,CAN=422.061392 Rx 0 $18FEF100 D 8 FF 80 24 FF FF FF FF FF 
422.061966,2026-07-22 12:01:37.083,,,,250,15,CAN=422.061966 Rx 0 $18FEF200 D 8 88 13 00 1E FF FF FF FF 
422.110393,2026-07-22 12:01:37.132,1940,,,,,CAN=422.110393 Rx 0 $0CF00400 D 8 FF FF FF A0 3C FF FF FF 
422.110971,2026-07-22 12:01:37.132,,66,,,,CAN=422.110971 Rx 0 $0CF00300 D 8 FF A5 FF FF FF FF FF FF 
422.111549,2026-07-22 12:01:37.133,,,34.5,,,CAN=422.111549 Rx 0 $18FEF100 D 8 FF 80 22 FF FF FF FF FF 
422.112123,2026-07-22 12:01:37.134,,,,250,15,CAN=422.112123 Rx 0 $18FEF200 D 8 88 13 00 1E FF FF FF FF 
422.160552,2026-07-22 12:01:37.182,1910,,,,,CAN=422.160552 Rx 0 $0CF00400 D 8 FF FF FF B0 3B FF FF FF 
422.16113,2026-07-22 12:01:37.183,,66,,,,CAN=422.16113 Rx 0 $0CF00300 D 8 FF A5 FF FF FF FF FF FF 
422.161708,2026-07-22 12:01:37.183,,,32.6015625,,,CAN=422.161708 Rx 0 $18FEF100 D 8 FF 9A 20 FF FF FF FF FF 
422.162282,2026-07-22 12:01:37.184,,,,250,15,CAN=422.162282 Rx 0 $18FEF200 D 8 88 13 00 1E FF FF FF FF 
422.21072,2026-07-22 12:01:37.232,1880,,,,,CAN=422.21072 Rx 0 $0CF00400 D 8 FF FF FF C0 3A FF FF FF 
422.211298,2026-07-22 12:01:37.233,,66,,,,CAN=422.211298 Rx 0 $0CF00300 D 8 FF A5 FF FF FF FF FF FF 
422.211877,2026-07-22 12:01:37.233,,,30.80078125,,,CAN=422.211877 Rx 0 $18FEF100 D 8 FF CD 1E FF FF FF FF FF 
422.212451,2026-07-22 12:01:37.234,,,,250,15,CAN=422.212451 Rx 0 $18FEF200 D 8 88 13 00 1E FF FF FF FF 
422.260879,2026-07-22 12:01:37.282,1850,,,,,CAN=422.260879 Rx 0 $0CF00400 D 8 FF FF FF D0 39 FF FF FF 
422.261458,2026-07-22 12:01:37.283,,66,,,,CAN=422.261458 Rx 0 $0CF00300 D 8 FF A5 FF FF FF FF FF FF 
422.262032,2026-07-22 12:01:37.284,,,29.19921875,,,CAN=422.262032 Rx 0 $18FEF100 D 8 FF 33 1D FF FF FF FF FF 
422.262606,2026-07-22 12:01:37.284,,,,250,15,CAN=422.262606 Rx 0 $18FEF200 D 8 88 13 00 1E FF FF FF FF 
422.311045,2026-07-22 12:01:37.333,1820,,,,,CAN=422.311045 Rx 0 $0CF00400 D 8 FF FF FF E0 38 FF FF FF 
422.311627,2026-07-22 12:01:37.333,,58,,,,CAN=422.311627 Rx 0 $0CF00300 D 8 FF 91 FF FF FF FF FF FF 
422.312201,2026-07-22 12:01:37.334,,,27.6015625,,,CAN=422.312201 Rx 0 $18FEF100 D 8 FF 9A 1B FF FF FF FF FF 
422.312775,2026-07-22 12:01:37.334,,,,250,15,CAN=422.312775 Rx 0 $18FEF200 D 8 88 13 00 1E FF FF FF FF 
422.361215,2026-07-22 12:01:37.383,1790,,,,,CAN=422.361215 Rx 0 $0CF00400 D 8 FF FF FF F0 37 FF FF FF 
422.361797,2026-07-22 12:01:37.383,,58,,,,CAN=422.361797 Rx 0 $0CF00300 D 8 FF 91 FF FF FF FF FF FF 
422.362371,2026-07-22 12:01:37.384,,,26.19921875,,,CAN=422.362371 Rx 0 $18FEF100 D 8 FF 33 1A FF FF FF FF FF 
422.362945,2026-07-22 12:01:37.384,,,,250,15,CAN=422.362945 Rx 0 $18FEF200 D 8 88 13 00 1E FF FF FF FF 
422.411372,2026-07-22 12:01:37.433,1760,,,,,CAN=422.411372 Rx 0 $0CF00400 D 8 FF FF FF 00 37 FF FF FF 
422.411954,2026-07-22 12:01:37.433,,58,,,,CAN=422.411954 Rx 0 $0CF00300 D 8 FF 91 FF FF FF FF FF FF 
422.412532,2026-07-22 12:01:37.434,,,24.8984375,,,CAN=422.412532 Rx 0 $18FEF100 D 8 FF E6 18 FF FF FF FF FF 
422.413107,2026-07-22 12:01:37.435,,,,250,15,CAN=422.413107 Rx 0 $18FEF200 D 8 88 13 00 1E FF FF FF FF 
422.461528,2026-07-22 12:01:37.483,1730,,,,,CAN=422.461528 Rx 0 $0CF00400 D 8 FF FF FF 10 36 FF FF FF 
422.46211,2026-07-22 12:01:37.484,,58,,,,CAN=422.46211 Rx 0 $0CF00300 D 8 FF 91 FF FF FF FF FF FF 
422.462692,2026-07-22 12:01:37.484,,,23.80078125,,,CAN=422.462692 Rx 0 $18FEF100 D 8 FF CD 17 FF FF FF FF FF 
422.463266,2026-07-22 12:01:37.485,,,,250,15,CAN=422.463266 Rx 0 $18FEF200 D 8 88 13 00 1E FF FF FF FF 
422.511697,2026-07-22 12:01:37.533,1700,,,,,CAN=422.511697 Rx 0 $0CF00400 D 8 FF FF FF 20 35 FF FF FF 
422.512279,2026-07-22 12:01:37.534,,58,,,,CAN=422.512279 Rx 0 $0CF00300 D 8 FF 91 FF FF FF FF FF FF 
422.512861,2026-07-22 12:01:37.534,,,22.80078125,,,CAN=422.512861 Rx 0 $18FEF100 D 8 FF CD 16 FF FF FF FF FF 
422.513435,2026-07-22 12:01:37.535,,,,250,15,CAN=422.513435 Rx 0 $18FEF200 D 8 88 13 00 1E FF FF FF FF 
422.56185,2026-07-22 12:01:37.583,1670,,,,,CAN=422.56185 Rx 0 $0CF00400 D 8 FF FF FF 30 34 FF FF FF 
422.562436,2026-07-22 12:01:37.584,,50,,,,CAN=422.562436 Rx 0 $0CF00300 D 8 FF 7D FF FF FF FF FF FF 
422.563022,2026-07-22 12:01:37.585,,,22,,,CAN=422.563022 Rx 0 $18FEF100 D 8 FF 00 16 FF FF FF FF FF 
422.563596,2026-07-22 12:01:37.585,,,,250,15,CAN=422.563596 Rx 0 $18FEF200 D 8 88 13 00 1E FF FF FF FF 
422.61201,2026-07-22 12:01:37.634,1640,,,,,CAN=422.61201 Rx 0 $0CF00400 D 8 FF FF FF 40 33 FF FF FF 
422.612596,2026-07-22 12:01:37.634,,50,,,,CAN=422.612596 Rx 0 $0CF00300 D 8 FF 7D FF FF FF FF FF FF 
422.61317,2026-07-22 12:01:37.635,,,21.30078125,,,CAN=422.61317 Rx 0 $18FEF100 D 8 FF 4D 15 FF FF FF FF FF 
422.613744,2026-07-22 12:01:37.635,,,,250,15,CAN=422.613744 Rx 0 $18FEF200 D 8 88 13 00 1E FF FF FF FF 
422.66217,2026-07-22 12:01:37.684,1610,,,,,CAN=422.66217 Rx 0 $0CF00400 D 8 FF FF FF 50 32 FF FF FF 
422.662756,2026-07-22 12:01:37.684,,50,,,,CAN=422.662756 Rx 0 $0CF00300 D 8 FF 7D FF FF FF FF FF FF 
422.66333,2026-07-22 12:01:37.685,,,20.69921875,,,CAN=422.66333 Rx 0 $18FEF100 D 8 FF B3 14 FF FF FF FF FF 
422.663904,2026-07-22 12:01:37.685,,,,250,15,CAN=422.663904 Rx 0 $18FEF200 D 8 88 13 00 1E FF FF FF FF 
422.712337,2026-07-22 12:01:37.734,1580,,,,,CAN=422.712337 Rx 0 $0CF00400 D 8 FF FF FF 60 31 FF FF FF 
422.712923,2026-07-22 12:01:37.734,,50,,,,CAN=422.712923 Rx 0 $0CF00300 D 8 FF 7D FF FF FF FF FF FF 
422.713501,2026-07-22 12:01:37.735,,,20.30078125,,,CAN=422.713501 Rx 0 $18FEF100 D 8 FF 4D 14 FF FF FF FF FF 
422.714076,2026-07-22 12:01:37.736,,,,250,15,CAN=422.714076 Rx 0 $18FEF200 D 8 88 13 00 1E FF FF FF FF 
422.762495,2026-07-22 12:01:37.784,1550,,,,,CAN=422.762495 Rx 0 $0CF00400 D 8 FF FF FF 70 30 FF FF FF 
422.763082,2026-07-22 12:01:37.785,,50,,,,CAN=422.763082 Rx 0 $0CF00300 D 8 FF 7D FF FF FF FF FF FF 
422.763655,2026-07-22 12:01:37.785,,,20.1015625,,,CAN=422.763655 Rx 0 $18FEF100 D 8 FF 1A 14 FF FF FF FF FF 
422.764229,2026-07-22 12:01:37.786,,,,250,15,CAN=422.764229 Rx 0 $18FEF200 D 8 88 13 00 1E FF FF FF FF 
422.812671,2026-07-22 12:01:37.834,1520,,,,,CAN=422.812671 Rx 0 $0CF00400 D 8 FF FF FF 80 2F FF FF FF 
422.813253,2026-07-22 12:01:37.835,,42,,,,CAN=422.813253 Rx 0 $0CF00300 D 8 FF 69 FF FF FF FF FF FF 
422.813839,2026-07-22 12:01:37.835,,,20,,,CAN=422.813839 Rx 0 $18FEF100 D 8 FF 00 14 FF FF FF FF FF 
422.814413,2026-07-22 12:01:37.836,,,,380,15,CAN=422.814413 Rx 0 $18FEF200 D 8 B0 1D 00 1E FF FF FF FF 
422.862817,2026-07-22 12:01:37.884,1490,,,,,CAN=422.862817 Rx 0 $0CF00400 D 8 FF FF FF 90 2E FF FF FF 
422.863399,2026-07-22 12:01:37.885,,42,,,,CAN=422.863399 Rx 0 $0CF00300 D 8 FF 69 FF FF FF FF FF FF 
422.863973,2026-07-22 12:01:37.885,,,20.1015625,,,CAN=422.863973 Rx 0 $18FEF100 D 8 FF 1A 14 FF FF FF FF FF 
422.864547,2026-07-22 12:01:37.886,,,,380,15,CAN=422.864547 Rx 0 $18FEF200 D 8 B0 1D 00 1E FF FF FF FF 
422.912985,2026-07-22 12:01:37.934,1460,,,,,CAN=422.912985 Rx 0 $0CF00400 D 8 FF FF FF A0 2D FF FF FF 
422.913567,2026-07-22 12:01:37.935,,42,,,,CAN=422.913567 Rx 0 $0CF00300 D 8 FF 69 FF FF FF FF FF FF 
422.914145,2026-07-22 12:01:37.936,,,20.30078125,,,CAN=422.914145 Rx 0 $18FEF100 D 8 FF 4D 14 FF FF FF FF FF 
422.914719,2026-07-22 12:01:37.936,,,,380,15,CAN=422.914719 Rx 0 $18FEF200 D 8 B0 1D 00 1E FF FF FF FF 
422.963141,2026-07-22 12:01:37.985,1430,,,,,CAN=422.963141 Rx 0 $0CF00400 D 8 FF FF FF B0 2C FF FF FF 
422.963723,2026-07-22 12:01:37.985,,42,,,,CAN=422.963723 Rx 0 $0CF00300 D 8 FF 69 FF FF FF FF FF FF 
422.964297,2026-07-22 12:01:37.986,,,20.69921875,,,CAN=422.964297 Rx 0 $18FEF100 D 8 FF B3 14 FF FF FF FF FF 
422.964871,2026-07-22 12:01:37.986,,,,380,15,CAN=422.964871 Rx 0 $18FEF200 D 8 B0 1D 00 1E FF FF FF FF 
423.013308,2026-07-22 12:01:38.035,1400,,,,,CAN=423.013308 Rx 0 $0CF00400 D 8 FF FF FF C0 2B FF FF FF 
423.01389,2026-07-22 12:01:38.035,,42,,,,CAN=423.01389 Rx 0 $0CF00300 D 8 FF 69 FF FF FF FF FF FF 
423.014465,2026-07-22 12:01:38.036,,,21.30078125,,,CAN=423.014465 Rx 0 $18FEF100 D 8 FF 4D 15 FF FF FF FF FF 
423.015039,2026-07-22 12:01:38.037,,,,380,15,CAN=423.015039 Rx 0 $18FEF200 D 8 B0 1D 00 1E FF FF FF FF 
423.063464,2026-07-22 12:01:38.085,1370,,,,,CAN=423.063464 Rx 0 $0CF00400 D 8 FF FF FF D0 2A FF FF FF 
423.064042,2026-07-22 12:01:38.086,,34,,,,CAN=423.064042 Rx 0 $0CF00300 D 8 FF 55 FF FF FF FF FF FF 
423.064628,2026-07-22 12:01:38.086,,,22,,,CAN=423.064628 Rx 0 $18FEF100 D 8 FF 00 16 FF FF FF FF FF 
423.065202,2026-07-22 12:01:38.087,,,,380,15,CAN=423.065202 Rx 0 $18FEF200 D 8 B0 1D 00 1E FF FF FF FF 
423.113627,2026-07-22 12:01:38.135,1340,,,,,CAN=423.113627 Rx 0 $0CF00400 D 8 FF FF FF E0 29 FF FF FF 
423.114205,2026-07-22 12:01:38.136,,34,,,,CAN=423.114205 Rx 0 $0CF00300 D 8 FF 55 FF FF FF FF FF FF 
423.114787,2026-07-22 12:01:38.136,,,22.80078125,,,CAN=423.114787 Rx 0 $18FEF100 D 8 FF CD 16 FF FF FF FF FF 
423.115361,2026-07-22 12:01:38.137,,,,380,15,CAN=423.115361 Rx 0 $18FEF200 D 8 B0 1D 00 1E FF FF FF FF 
423.163786,2026-07-22 12:01:38.185,1310,,,,,CAN=423.163786 Rx 0 $0CF00400 D 8 FF FF FF F0 28 FF FF FF 
423.164364,2026-07-22 12:01:38.186,,34,,,,CAN=423.164364 Rx 0 $0CF00300 D 8 FF 55 FF FF FF FF FF FF 
423.164946,2026-07-22 12:01:38.186,,,23.80078125,,,CAN=423.164946 Rx 0 $18FEF100 D 8 FF CD 17 FF FF FF FF FF 
423.16552,2026-07-22 12:01:38.187,,,,380,15,CAN=423.16552 Rx 0 $18FEF200 D 8 B0 1D 00 1E FF FF FF FF 
423.213954,2026-07-22 12:01:38.235,1280,,,,,CAN=423.213954 Rx 0 $0CF00400 D 8 FF FF FF 00 28 FF FF FF 
423.214532,2026-07-22 12:01:38.236,,34,,,,CAN=423.214532 Rx 0 $0CF00300 D 8 FF 55 FF FF FF FF FF FF 
423.215111,2026-07-22 12:01:38.237,,,24.8984375,,,CAN=423.215111 Rx 0 $18FEF100 D 8 FF E6 18 FF FF FF FF FF 
423.215685,2026-07-22 12:01:38.237,,,,380,15,CAN=423.215685 Rx 0 $18FEF200 D 8 B0 1D 00 1E FF FF FF FF 
423.264118,2026-07-22 12:01:38.286,1250,,,,,CAN=423.264118 Rx 0 $0CF00400 D 8 FF FF FF 10 27 FF FF FF 
423.264696,2026-07-22 12:01:38.286,,34,,,,CAN=423.264696 Rx 0 $0CF00300 D 8 FF 55 FF FF FF FF FF FF 
423.26527,2026-07-22 12:01:38.287,,,26.19921875,,,CAN=423.26527 Rx 0 $18FEF100 D 8 FF 33 1A FF FF FF FF FF 
423.265844,2026-07-22 12:01:38.287,,,,380,15,CAN=423.265844 Rx 0 $18FEF200 D 8 B0 1D 00 1E FF FF FF FF 
423.314272,2026-07-22 12:01:38.336,1220,,,,,CAN=423.314272 Rx 0 $0CF00400 D 8 FF FF FF 20 26 FF FF FF 
423.314862,2026-07-22 12:01:38.336,,26,,,,CAN=423.314862 Rx 0 $0CF00300 D 8 FF 41 FF FF FF FF FF FF 
423.315437,2026-07-22 12:01:38.337,,,27.6015625,,,CAN=423.315437 Rx 0 $18FEF100 D 8 FF 9A 1B FF FF FF FF FF 
423.316011,2026-07-22 12:01:38.338,,,,380,15,CAN=423.316011 Rx 0 $18FEF200 D 8 B0 1D 00 1E FF FF FF FF 
423.364442,2026-07-22 12:01:38.386,1190,,,,,CAN=423.364442 Rx 0 $0CF00400 D 8 FF FF FF 30 25 FF FF FF 
423.365032,2026-07-22 12:01:38.387,,26,,,,CAN=423.365032 Rx 0 $0CF00300 D 8 FF 41 FF FF FF FF FF FF 
423.365606,2026-07-22 12:01:38.387,,,29.19921875,,,CAN=423.365606 Rx 0 $18FEF100 D 8 FF 33 1D FF FF FF FF FF 
423.36618,2026-07-22 12:01:38.388,,,,380,15,CAN=423.36618 Rx 0 $18FEF200 D 8 B0 1D 00 1E FF FF FF FF 
423.414603,2026-07-22 12:01:38.436,1160,,,,,CAN=423.414603 Rx 0 $0CF00400 D 8 FF FF FF 40 24 FF FF FF 
423.415194,2026-07-22 12:01:38.437,,26,,,,CAN=423.415194 Rx 0 $0CF00300 D 8 FF 41 FF FF FF FF FF FF 
423.415772,2026-07-22 12:01:38.437,,,30.80078125,,,CAN=423.415772 Rx 0 $18FEF100 D 8 FF CD 1E FF FF FF FF FF 
423.416346,2026-07-22 12:01:38.438,,,,380,15,CAN=423.416346 Rx 0 $18FEF200 D 8 B0 1D 00 1E FF FF FF FF 
423.464764,2026-07-22 12:01:38.486,1130,,,,,CAN=423.464764 Rx 0 $0CF00400 D 8 FF FF FF 50 23 FF FF FF 
423.465354,2026-07-22 12:01:38.487,,26,,,,CAN=423.465354 Rx 0 $0CF00300 D 8 FF 41 FF FF FF FF FF FF 
423.465932,2026-07-22 12:01:38.487,,,32.6015625,,,CAN=423.465932 Rx 0 $18FEF100 D 8 FF 9A 20 FF FF FF FF FF 
423.466506,2026-07-22 12:01:38.488,,,,380,15,CAN=423.466506 Rx 0 $18FEF200 D 8 B0 1D 00 1E FF FF FF FF 
423.514938,2026-07-22 12:01:38.536,1100,,,,,CAN=423.514938 Rx 0 $0CF00400 D 8 FF FF FF 60 22 FF FF FF 
423.515528,2026-07-22 12:01:38.537,,26,,,,CAN=423.515528 Rx 0 $0CF00300 D 8 FF 41 FF FF FF FF FF FF 
423.516106,2026-07-22 12:01:38.538,,,34.5,,,CAN=423.516106 Rx 0 $18FEF100 D 8 FF 80 22 FF FF FF FF FF 
423.51668,2026-07-22 12:01:38.538,,,,380,15,CAN=423.51668 Rx 0 $18FEF200 D 8 B0 1D 00 1E FF FF FF FF 
423.565093,2026-07-22 12:01:38.587,1070,,,,,CAN=423.565093 Rx 0 $0CF00400 D 8 FF FF FF 70 21 FF FF FF 
423.565675,2026-07-22 12:01:38.587,,18,,,,CAN=423.565675 Rx 0 $0CF00300 D 8 FF 2D FF FF FF FF FF FF 
423.566253,2026-07-22 12:01:38.588,,,36.5,,,CAN=423.566253 Rx 0 $18FEF100 D 8 FF 80 24 FF FF FF FF FF 
423.56683,2026-07-22 12:01:38.588,,,,380,15,CAN=423.56683 Rx 0 $18FEF200 D 8 B0 1D 00 1E FF FF FF FF 
423.615268,2026-07-22 12:01:38.637,1040,,,,,CAN=423.615268 Rx 0 $0CF00400 D 8 FF FF FF 80 20 FF FF FF 
423.61585,2026-07-22 12:01:38.637,,18,,,,CAN=423.61585 Rx 0 $0CF00300 D 8 FF 2D FF FF FF FF FF FF 
423.616428,2026-07-22 12:01:38.638,,,38.6015625,,,CAN=423.616428 Rx 0 $18FEF100 D 8 FF 9A 26 FF FF FF FF FF 
423.617002,2026-07-22 12:01:38.639,,,,380,15,CAN=423.617002 Rx 0 $18FEF200 D 8 B0 1D 00 1E FF FF FF FF 
423.665431,2026-07-22 12:01:38.687,1010,,,,,CAN=423.665431 Rx 0 $0CF00400 D 8 FF FF FF 90 1F FF FF FF 
423.666014,2026-07-22 12:01:38.688,,18,,,,CAN=423.666014 Rx 0 $0CF00300 D 8 FF 2D FF FF FF FF FF FF 
423.666592,2026-07-22 12:01:38.688,,,40.69921875,,,CAN=423.666592 Rx 0 $18FEF100 D 8 FF B3 28 FF FF FF FF FF 
423.667166,2026-07-22 12:01:38.689,,,,380,15,CAN=423.667166 Rx 0 $18FEF200 D 8 B0 1D 00 1E FF FF FF FF 
423.715583,2026-07-22 12:01:38.737,980,,,,,CAN=423.715583 Rx 0 $0CF00400 D 8 FF FF FF A0 1E FF FF FF 
423.716165,2026-07-22 12:01:38.738,,18,,,,CAN=423.716165 Rx 0 $0CF00300 D 8 FF 2D FF FF FF FF FF FF 
423.716752,2026-07-22 12:01:38.738,,,43,,,CAN=423.716752 Rx 0 $18FEF100 D 8 FF 00 2B FF FF FF FF FF 
423.717327,2026-07-22 12:01:38.739,,,,380,15,CAN=423.717327 Rx 0 $18FEF200 D 8 B0 1D 00 1E FF FF FF FF 
423.765755,2026-07-22 12:01:38.787,950,,,,,CAN=423.765755 Rx 0 $0CF00400 D 8 FF FF FF B0 1D FF FF FF 
423.766337,2026-07-22 12:01:38.788,,18,,,,CAN=423.766337 Rx 0 $0CF00300 D 8 FF 2D FF FF FF FF FF FF 
423.766911,2026-07-22 12:01:38.788,,,45.30078125,,,CAN=423.766911 Rx 0 $18FEF100 D 8 FF 4D 2D FF FF FF FF FF 
423.767485,2026-07-22 12:01:38.789,,,,380,15,CAN=423.767485 Rx 0 $18FEF200 D 8 B0 1D 00 1E FF FF FF FF 
423.815913,2026-07-22 12:01:38.837,920,,,,,CAN=423.815913 Rx 0 $0CF00400 D 8 FF FF FF C0 1C FF FF FF 
423.816495,2026-07-22 12:01:38.838,,10,,,,CAN=423.816495 Rx 0 $0CF00300 D 8 FF 19 FF FF FF FF FF FF 
423.817076,2026-07-22 12:01:38.839,,,47.6015625,,,CAN=423.817076 Rx 0 $18FEF100 D 8 FF 9A 2F FF FF FF FF FF 
423.817648,2026-07-22 12:01:38.839,,,,380,15,CAN=423.817648 Rx 0 $18FEF200 D 8 B0 1D 00 1E FF FF FF FF 
423.866082,2026-07-22 12:01:38.888,890,,,,,CAN=423.866082 Rx 0 $0CF00400 D 8 FF FF FF D0 1B FF FF FF 
423.866664,2026-07-22 12:01:38.888,,10,,,,CAN=423.866664 Rx 0 $0CF00300 D 8 FF 19 FF FF FF FF FF FF 
423.867246,2026-07-22 12:01:38.889,,,50,,,CAN=423.867246 Rx 0 $18FEF100 D 8 FF 00 32 FF FF FF FF FF 
423.86782,2026-07-22 12:01:38.889,,,,380,15,CAN=423.86782 Rx 0 $18FEF200 D 8 B0 1D 00 1E FF FF FF FF 
423.916238,2026-07-22 12:01:38.938,860,,,,,CAN=423.916238 Rx 0 $0CF00400 D 8 FF FF FF E0 1A FF FF FF 
423.91682,2026-07-22 12:01:38.938,,10,,,,CAN=423.91682 Rx 0 $0CF00300 D 8 FF 19 FF FF FF FF FF FF 
423.917402,2026-07-22 12:01:38.939,,,52.5,,,CAN=423.917402 Rx 0 $18FEF100 D 8 FF 80 34 FF FF FF FF FF 
423.917977,2026-07-22 12:01:38.939,,,,380,15,CAN=423.917977 Rx 0 $18FEF200 D 8 B0 1D 00 1E FF FF FF FF 
423.966407,2026-07-22 12:01:38.988,830,,,,,CAN=423.966407 Rx 0 $0CF00400 D 8 FF FF FF F0 19 FF FF FF 
423.966989,2026-07-22 12:01:38.988,,10,,,,CAN=423.966989 Rx 0 $0CF00300 D 8 FF 19 FF FF FF FF FF FF 
423.967572,2026-07-22 12:01:38.989,,,55,,,CAN=423.967572 Rx 0 $18FEF100 D 8 FF 00 37 FF FF FF FF FF 
423.968145,2026-07-22 12:01:38.990,,,,380,15,CAN=423.968145 Rx 0 $18FEF200 D 8 B0 1D 00 1E FF FF FF FF 
424.018106,2026-07-22 12:01:39.040,800,,,,,CAN=424.018106 Rx 0 $0CF00400 D 8 FF FF FF 00 19 FF FF FF 
424.018688,2026-07-22 12:01:39.040,,10,,,,CAN=424.018688 Rx 0 $0CF00300 D 8 FF 19 FF FF FF FF FF FF 
424.019266,2026-07-22 12:01:39.041,,,57.5,,,CAN=424.019266 Rx 0 $18FEF100 D 8 FF 80 39 FF FF FF FF FF 
424.01984,2026-07-22 12:01:39.041,,,,380,15,CAN=424.01984 Rx 0 $18FEF200 D 8 B0 1D 00 1E FF FF FF FF 
424.066725,2026-07-22 12:01:39.088,5000,,,,,CAN=424.066725 Rx 0 $0CF00400 D 8 FF FF FF 40 9C FF FF FF 
424.067311,2026-07-22 12:01:39.089,,100,,,,CAN=424.067311 Rx 0 $0CF00300 D 8 FF FA FF FF FF FF FF FF 
424.067893,2026-07-22 12:01:39.089,,,150,,,CAN=424.067893 Rx 0 $18FEF100 D 8 FF 00 96 FF FF FF FF FF 
424.068475,2026-07-22 12:01:39.090,,,,500,30,CAN=424.068475 Rx 0 $18FEF200 D 8 10 27 00 3C FF FF FF FF 
424.116885,2026-07-22 12:01:39.138,5000,,,,,CAN=424.116885 Rx 0 $0CF00400 D 8 FF FF FF 40 9C FF FF FF 
424.117471,2026-07-22 12:01:39.139,,100,,,,CAN=424.117471 Rx 0 $0CF00300 D 8 FF FA FF FF FF FF FF FF 
424.118053,2026-07-22 12:01:39.140,,,150,,,CAN=424.118053 Rx 0 $18FEF100 D 8 FF 00 96 FF FF FF FF FF 
424.118635,2026-07-22 12:01:39.140,,,,500,30,CAN=424.118635 Rx 0 $18FEF200 D 8 10 27 00 3C FF FF FF FF 
424.167048,2026-07-22 12:01:39.189,5000,,,,,CAN=424.167048 Rx 0 $0CF00400 D 8 FF FF FF 40 9C FF FF FF 
424.167634,2026-07-22 12:01:39.189,,100,,,,CAN=424.167634 Rx 0 $0CF00300 D 8 FF FA FF FF FF FF FF FF 
424.168216,2026-07-22 12:01:39.190,,,150,,,CAN=424.168216 Rx 0 $18FEF100 D 8 FF 00 96 FF FF FF FF FF 
424.168798,2026-07-22 12:01:39.190,,,,500,30,CAN=424.168798 Rx 0 $18FEF200 D 8 10 27 00 3C FF FF FF FF 
424.217212,2026-07-22 12:01:39.239,5000,,,,,CAN=424.217212 Rx 0 $0CF00400 D 8 FF FF FF 40 9C FF FF FF 
424.217798,2026-07-22 12:01:39.239,,100,,,,CAN=424.217798 Rx 0 $0CF00300 D 8 FF FA FF FF FF FF FF FF 
424.21838,2026-07-22 12:01:39.240,,,150,,,CAN=424.21838 Rx 0 $18FEF100 D 8 FF 00 96 FF FF FF FF FF 
424.218962,2026-07-22 12:01:39.240,,,,500,30,CAN=424.218962 Rx 0 $18FEF200 D 8 10 27 00 3C FF FF FF FF 
424.267376,2026-07-22 12:01:39.289,5000,,,,,CAN=424.267376 Rx 0 $0CF00400 D 8 FF FF FF 40 9C FF FF FF 
424.267962,2026-07-22 12:01:39.289,,100,,,,CAN=424.267962 Rx 0 $0CF00300 D 8 FF FA FF FF FF FF FF FF 
424.268544,2026-07-22 12:01:39.290,,,150,,,CAN=424.268544 Rx 0 $18FEF100 D 8 FF 00 96 FF FF FF FF FF 
424.269126,2026-07-22 12:01:39.291,,,,500,30,CAN=424.269126 Rx 0 $18FEF200 D 8 10 27 00 3C FF FF FF FF 
424.317542,2026-07-22 12:01:39.339,5000,,,,,CAN=424.317542 Rx 0 $0CF00400 D 8 FF FF FF 40 9C FF FF FF 
424.318128,2026-07-22 12:01:39.340,,100,,,,CAN=424.318128 Rx 0 $0CF00300 D 8 FF FA FF FF FF FF FF FF 
424.31871,2026-07-22 12:01:39.340,,,150,,,CAN=424.31871 Rx 0 $18FEF100 D 8 FF 00 96 FF FF FF FF FF 
424.319292,2026-07-22 12:01:39.341,,,,500,30,CAN=424.319292 Rx 0 $18FEF200 D 8 10 27 00 3C FF FF FF FF 
424.367703,2026-07-22 12:01:39.389,5000,,,,,CAN=424.367703 Rx 0 $0CF00400 D 8 FF FF FF 40 9C FF FF FF 
424.368289,2026-07-22 12:01:39.390,,100,,,,CAN=424.368289 Rx 0 $0CF00300 D 8 FF FA FF FF FF FF FF FF 
424.368871,2026-07-22 12:01:39.390,,,150,,,CAN=424.368871 Rx 0 $18FEF100 D 8 FF 00 96 FF FF FF FF FF 
424.369454,2026-07-22 12:01:39.391,,,,500,30,CAN=424.369454 Rx 0 $18FEF200 D 8 10 27 00 3C FF FF FF FF 
424.417866,2026-07-22 12:01:39.439,5000,,,,,CAN=424.417866 Rx 0 $0CF00400 D 8 FF FF FF 40 9C FF FF FF 
424.418451,2026-07-22 12:01:39.440,,100,,,,CAN=424.418451 Rx 0 $0CF00300 D 8 FF FA FF FF FF FF FF FF 
424.419033,2026-07-22 12:01:39.441,,,150,,,CAN=424.419033 Rx 0 $18FEF100 D 8 FF 00 96 FF FF FF FF FF 
424.419616,2026-07-22 12:01:39.441,,,,500,30,CAN=424.419616 Rx 0 $18FEF200 D 8 10 27 00 3C FF FF FF FF 
424.468022,2026-07-22 12:01:39.490,5000,,,,,CAN=424.468022 Rx 0 $0CF00400 D 8 FF FF FF 40 9C FF FF FF 
424.468609,2026-07-22 12:01:39.490,,100,,,,CAN=424.468609 Rx 0 $0CF00300 D 8 FF FA FF FF FF FF FF FF 
424.469192,2026-07-22 12:01:39.491,,,150,,,CAN=424.469192 Rx 0 $18FEF100 D 8 FF 00 96 FF FF FF FF FF 
424.469772,2026-07-22 12:01:39.491,,,,500,30,CAN=424.469772 Rx 0 $18FEF200 D 8 10 27 00 3C FF FF FF FF 
424.518184,2026-07-22 12:01:39.540,5000,,,,,CAN=424.518184 Rx 0 $0CF00400 D 8 FF FF FF 40 9C FF FF FF 
424.51877,2026-07-22 12:01:39.540,,100,,,,CAN=424.51877 Rx 0 $0CF00300 D 8 FF FA FF FF FF FF FF FF 
424.519352,2026-07-22 12:01:39.541,,,150,,,CAN=424.519352 Rx 0 $18FEF100 D 8 FF 00 96 FF FF FF FF FF 
424.519934,2026-07-22 12:01:39.541,,,,500,30,CAN=424.519934 Rx 0 $18FEF200 D 8 10 27 00 3C FF FF FF FF 
424.568343,2026-07-22 12:01:39.590,5000,,,,,CAN=424.568343 Rx 0 $0CF00400 D 8 FF FF FF 40 9C FF FF FF 
424.568929,2026-07-22 12:01:39.590,,100,,,,CAN=424.568929 Rx 0 $0CF00300 D 8 FF FA FF FF FF FF FF FF 
424.569511,2026-07-22 12:01:39.591,,,150,,,CAN=424.569511 Rx 0 $18FEF100 D 8 FF 00 96 FF FF FF FF FF 
424.570093,2026-07-22 12:01:39.592,,,,500,30,CAN=424.570093 Rx 0 $18FEF200 D 8 10 27 00 3C FF FF FF FF 
424.618498,2026-07-22 12:01:39.640,5000,,,,,CAN=424.618498 Rx 0 $0CF00400 D 8 FF FF FF 40 9C FF FF FF 
424.619084,2026-07-22 12:01:39.641,,100,,,,CAN=424.619084 Rx 0 $0CF00300 D 8 FF FA FF FF FF FF FF FF 
424.619666,2026-07-22 12:01:39.641,,,150,,,CAN=424.619666 Rx 0 $18FEF100 D 8 FF 00 96 FF FF FF FF FF 
424.620248,2026-07-22 12:01:39.642,,,,500,30,CAN=424.620248 Rx 0 $18FEF200 D 8 10 27 00 3C FF FF FF FF 
424.668659,2026-07-22 12:01:39.690,5000,,,,,CAN=424.668659 Rx 0 $0CF00400 D 8 FF FF FF 40 9C FF FF FF 
424.669245,2026-07-22 12:01:39.691,,100,,,,CAN=424.669245 Rx 0 $0CF00300 D 8 FF FA FF FF FF FF FF FF 
424.669827,2026-07-22 12:01:39.691,,,150,,,CAN=424.669827 Rx 0 $18FEF100 D 8 FF 00 96 FF FF FF FF FF 
424.670409,2026-07-22 12:01:39.692,,,,500,30,CAN=424.670409 Rx 0 $18FEF200 D 8 10 27 00 3C FF FF FF FF 
424.71882,2026-07-22 12:01:39.740,5000,,,,,CAN=424.71882 Rx 0 $0CF00400 D 8 FF FF FF 40 9C FF FF FF 
424.719406,2026-07-22 12:01:39.741,,100,,,,CAN=424.719406 Rx 0 $0CF00300 D 8 FF FA FF FF FF FF FF FF 
424.719988,2026-07-22 12:01:39.741,,,150,,,CAN=424.719988 Rx 0 $18FEF100 D 8 FF 00 96 FF FF FF FF FF 
424.72057,2026-07-22 12:01:39.742,,,,500,30,CAN=424.72057 Rx 0 $18FEF200 D 8 10 27 00 3C FF FF FF FF 
424.768983,2026-07-22 12:01:39.790,5000,,,,,CAN=424.768983 Rx 0 $0CF00400 D 8 FF FF FF 40 9C FF FF FF 
424.76957,2026-07-22 12:01:39.791,,100,,,,CAN=424.76957 Rx 0 $0CF00300 D 8 FF FA FF FF FF FF FF FF 
424.770152,2026-07-22 12:01:39.792,,,150,,,CAN=424.770152 Rx 0 $18FEF100 D 8 FF 00 96 FF FF FF FF FF 
424.770734,2026-07-22 12:01:39.792,,,,500,30,CAN=424.770734 Rx 0 $18FEF200 D 8 10 27 00 3C FF FF FF FF 
424.819144,2026-07-22 12:01:39.841,5000,,,,,CAN=424.819144 Rx 0 $0CF00400 D 8 FF FF FF 40 9C FF FF FF 
424.81973,2026-07-22 12:01:39.841,,100,,,,CAN=424.81973 Rx 0 $0CF00300 D 8 FF FA FF FF FF FF FF FF 
424.820314,2026-07-22 12:01:39.842,,,150,,,CAN=424.820314 Rx 0 $18FEF100 D 8 FF 00 96 FF FF FF FF FF 
424.820894,2026-07-22 12:01:39.842,,,,500,30,CAN=424.820894 Rx 0 $18FEF200 D 8 10 27 00 3C FF FF FF FF 
424.869305,2026-07-22 12:01:39.891,5000,,,,,CAN=424.869305 Rx 0 $0CF00400 D 8 FF FF FF 40 9C FF FF FF 
424.869891,2026-07-22 12:01:39.891,,100,,,,CAN=424.869891 Rx 0 $0CF00300 D 8 FF FA FF FF FF FF FF FF 
424.870473,2026-07-22 12:01:39.892,,,150,,,CAN=424.870473 Rx 0 $18FEF100 D 8 FF 00 96 FF FF FF FF FF 
424.871055,2026-07-22 12:01:39.893,,,,500,30,CAN=424.871055 Rx 0 $18FEF200 D 8 10 27 00 3C FF FF FF FF 
424.919462,2026-07-22 12:01:39.941,5000,,,,,CAN=424.919462 Rx 0 $0CF00400 D 8 FF FF FF 40 9C FF FF FF 
424.920048,2026-07-22 12:01:39.942,,100,,,,CAN=424.920048 Rx 0 $0CF00300 D 8 FF FA FF FF FF FF FF FF 
424.92063,2026-07-22 12:01:39.942,,,150,,,CAN=424.92063 Rx 0 $18FEF100 D 8 FF 00 96 FF FF FF FF FF 
424.921212,2026-07-22 12:01:39.943,,,,500,30,CAN=424.921212 Rx 0 $18FEF200 D 8 10 27 00 3C FF FF FF FF 
424.969624,2026-07-22 12:01:39.991,5000,,,,,CAN=424.969624 Rx 0 $0CF00400 D 8 FF FF FF 40 9C FF FF FF 
424.97021,2026-07-22 12:01:39.992,,100,,,,CAN=424.97021 Rx 0 $0CF00300 D 8 FF FA FF FF FF FF FF FF 
424.970793,2026-07-22 12:01:39.992,,,150,,,CAN=424.970793 Rx 0 $18FEF100 D 8 FF 00 96 FF FF FF FF FF 
424.971375,2026-07-22 12:01:39.993,,,,500,30,CAN=424.971375 Rx 0 $18FEF200 D 8 10 27 00 3C FF FF FF FF 
425.019785,2026-07-22 12:01:40.041,5000,,,,,CAN=425.019785 Rx 0 $0CF00400 D 8 FF FF FF 40 9C FF FF FF 
425.020371,2026-07-22 12:01:40.042,,100,,,,CAN=425.020371 Rx 0 $0CF00300 D 8 FF FA FF FF FF FF FF FF 
425.020953,2026-07-22 12:01:40.042,,,150,,,CAN=425.020953 Rx 0 $18FEF100 D 8 FF 00 96 FF FF FF FF FF 
425.021535,2026-07-22 12:01:40.043,,,,500,30,CAN=425.021535 Rx 0 $18FEF200 D 8 10 27 00 3C FF FF FF FF 
425.069946,2026-07-22 12:01:40.091,5000,,,,,CAN=425.069946 Rx 0 $0CF00400 D 8 FF FF FF 40 9C FF FF FF 
425.070532,2026-07-22 12:01:40.092,,100,,,,CAN=425.070532 Rx 0 $0CF00300 D 8 FF FA FF FF FF FF FF FF 
425.071115,2026-07-22 12:01:40.093,,,150,,,CAN=425.071115 Rx 0 $18FEF100 D 8 FF 00 96 FF FF FF FF FF 
425.071697,2026-07-22 12:01:40.093,,,,500,30,CAN=425.071697 Rx 0 $18FEF200 D 8 10 27 00 3C FF FF FF FF 
425.120105,2026-07-22 12:01:40.142,5000,,,,,CAN=425.120105 Rx 0 $0CF00400 D 8 FF FF FF 40 9C FF FF FF 
425.120691,2026-07-22 12:01:40.142,,100,,,,CAN=425.120691 Rx 0 $0CF00300 D 8 FF FA FF FF FF FF FF FF 
425.121273,2026-07-22 12:01:40.143,,,150,,,CAN=425.121273 Rx 0 $18FEF100 D 8 FF 00 96 FF FF FF FF FF 
425.121855,2026-07-22 12:01:40.143,,,,500,30,CAN=425.121855 Rx 0 $18FEF200 D 8 10 27 00 3C FF FF FF FF 
425.170267,2026-07-22 12:01:40.192,5000,,,,,CAN=425.170267 Rx 0 $0CF00400 D 8 FF FF FF 40 9C FF FF FF 
425.170853,2026-07-22 12:01:40.192,,100,,,,CAN=425.170853 Rx 0 $0CF00300 D 8 FF FA FF FF FF FF FF FF 
425.171435,2026-07-22 12:01:40.193,,,150,,,CAN=425.171435 Rx 0 $18FEF100 D 8 FF 00 96 FF FF FF FF FF 
425.172017,2026-07-22 12:01:40.194,,,,500,30,CAN=425.172017 Rx 0 $18FEF200 D 8 10 27 00 3C FF FF FF FF 
425.22043,2026-07-22 12:01:40.242,5000,,,,,CAN=425.22043 Rx 0 $0CF00400 D 8 FF FF FF 40 9C FF FF FF 
425.221016,2026-07-22 12:01:40.243,,100,,,,CAN=425.221016 Rx 0 $0CF00300 D 8 FF FA FF FF FF FF FF FF 
425.221598,2026-07-22 12:01:40.243,,,150,,,CAN=425.221598 Rx 0 $18FEF100 D 8 FF 00 96 FF FF FF FF FF 
425.22218,2026-07-22 12:01:40.244,,,,500,30,CAN=425.22218 Rx 0 $18FEF200 D 8 10 27 00 3C FF FF FF FF 
425.270594,2026-07-22 12:01:40.292,5000,,,,,CAN=425.270594 Rx 0 $0CF00400 D 8 FF FF FF 40 9C FF FF FF 
425.271183,2026-07-22 12:01:40.293,,100,,,,CAN=425.271183 Rx 0 $0CF00300 D 8 FF FA FF FF FF FF FF FF 
425.271763,2026-07-22 12:01:40.293,,,150,,,CAN=425.271763 Rx 0 $18FEF100 D 8 FF 00 96 FF FF FF FF FF 
425.272345,2026-07-22 12:01:40.294,,,,500,30,CAN=425.272345 Rx 0 $18FEF200 D 8 10 27 00 3C FF FF FF FF 
425.320761,2026-07-22 12:01:40.342,5000,,,,,CAN=425.320761 Rx 0 $0CF00400 D 8 FF FF FF 40 9C FF FF FF 
425.321348,2026-07-22 12:01:40.343,,100,,,,CAN=425.321348 Rx 0 $0CF00300 D 8 FF FA FF FF FF FF FF FF 
425.321932,2026-07-22 12:01:40.343,,,150,,,CAN=425.321932 Rx 0 $18FEF100 D 8 FF 00 96 FF FF FF FF FF 
425.322512,2026-07-22 12:01:40.344,,,,500,30,CAN=425.322512 Rx 0 $18FEF200 D 8 10 27 00 3C FF FF FF FF 
425.370924,2026-07-22 12:01:40.392,5000,,,,,CAN=425.370924 Rx 0 $0CF00400 D 8 FF FF FF 40 9C FF FF FF 
425.37151,2026-07-22 12:01:40.393,,100,,,,CAN=425.37151 Rx 0 $0CF00300 D 8 FF FA FF FF FF FF FF FF 
425.372092,2026-07-22 12:01:40.394,,,150,,,CAN=425.372092 Rx 0 $18FEF100 D 8 FF 00 96 FF FF FF FF FF 
425.372675,2026-07-22 12:01:40.394,,,,500,30,CAN=425.372675 Rx 0 $18FEF200 D 8 10 27 00 3C FF FF FF FF 
425.42109,2026-07-22 12:01:40.443,5000,,,,,CAN=425.42109 Rx 0 $0CF00400 D 8 FF FF FF 40 9C FF FF FF 
425.421676,2026-07-22 12:01:40.443,,100,,,,CAN=425.421676 Rx 0 $0CF00300 D 8 FF FA FF FF FF FF FF FF 
425.422258,2026-07-22 12:01:40.444,,,150,,,CAN=425.422258 Rx 0 $18FEF100 D 8 FF 00 96 FF FF FF FF FF 
425.42284,2026-07-22 12:01:40.444,,,,500,30,CAN=425.42284 Rx 0 $18FEF200 D 8 10 27 00 3C FF FF FF FF 
425.471253,2026-07-22 12:01:40.493,5000,,,,,CAN=425.471253 Rx 0 $0CF00400 D 8 FF FF FF 40 9C FF FF FF 
425.471839,2026-07-22 12:01:40.493,,100,,,,CAN=425.471839 Rx 0 $0CF00300 D 8 FF FA FF FF FF FF FF FF 
425.472421,2026-07-22 12:01:40.494,,,150,,,CAN=425.472421 Rx 0 $18FEF100 D 8 FF 00 96 FF FF FF FF FF 
425.473004,2026-07-22 12:01:40.495,,,,500,30,CAN=425.473004 Rx 0 $18FEF200 D 8 10 27 00 3C FF FF FF FF 
425.521416,2026-07-22 12:01:40.543,5000,,,,,CAN=425.521416 Rx 0 $0CF00400 D 8 FF FF FF 40 9C FF FF FF 
425.522002,2026-07-22 12:01:40.544,,100,,,,CAN=425.522002 Rx 0 $0CF00300 D 8 FF FA FF FF FF FF FF FF 
425.522584,2026-07-22 12:01:40.544,,,150,,,CAN=425.522584 Rx 0 $18FEF100 D 8 FF 00 96 FF FF FF FF FF 
425.523166,2026-07-22 12:01:40.545,,,,500,30,CAN=425.523166 Rx 0 $18FEF200 D 8 10 27 00 3C FF FF FF FF 
425.571575,2026-07-22 12:01:40.593,5000,,,,,CAN=425.571575 Rx 0 $0CF00400 D 8 FF FF FF 40 9C FF FF FF 
425.572161,2026-07-22 12:01:40.594,,100,,,,CAN=425.572161 Rx 0 $0CF00300 D 8 FF FA FF FF FF FF FF FF 
425.572743,2026-07-22 12:01:40.594,,,150,,,CAN=425.572743 Rx 0 $18FEF100 D 8 FF 00 96 FF FF FF FF FF 
425.573325,2026-07-22 12:01:40.595,,,,500,30,CAN=425.573325 Rx 0 $18FEF200 D 8 10 27 00 3C FF FF FF FF 
425.62174,2026-07-22 12:01:40.643,5000,,,,,CAN=425.62174 Rx 0 $0CF00400 D 8 FF FF FF 40 9C FF FF FF 
425.622327,2026-07-22 12:01:40.644,,100,,,,CAN=425.622327 Rx 0 $0CF00300 D 8 FF FA FF FF FF FF FF FF 
425.622909,2026-07-22 12:01:40.644,,,150,,,CAN=425.622909 Rx 0 $18FEF100 D 8 FF 00 96 FF FF FF FF FF 
425.623491,2026-07-22 12:01:40.645,,,,500,30,CAN=425.623491 Rx 0 $18FEF200 D 8 10 27 00 3C FF FF FF FF 
425.671898,2026-07-22 12:01:40.693,5000,,,,,CAN=425.671898 Rx 0 $0CF00400 D 8 FF FF FF 40 9C FF FF FF 
425.672485,2026-07-22 12:01:40.694,,100,,,,CAN=425.672485 Rx 0 $0CF00300 D 8 FF FA FF FF FF FF FF FF 
425.673066,2026-07-22 12:01:40.695,,,150,,,CAN=425.673066 Rx 0 $18FEF100 D 8 FF 00 96 FF FF FF FF FF 
425.673649,2026-07-22 12:01:40.695,,,,500,30,CAN=425.673649 Rx 0 $18FEF200 D 8 10 27 00 3C FF FF FF FF 
425.722059,2026-07-22 12:01:40.744,5000,,,,,CAN=425.722059 Rx 0 $0CF00400 D 8 FF FF FF 40 9C FF FF FF 
425.722645,2026-07-22 12:01:40.744,,100,,,,CAN=425.722645 Rx 0 $0CF00300 D 8 FF FA FF FF FF FF FF FF 
425.723227,2026-07-22 12:01:40.745,,,150,,,CAN=425.723227 Rx 0 $18FEF100 D 8 FF 00 96 FF FF FF FF FF 
425.723809,2026-07-22 12:01:40.745,,,,500,30,CAN=425.723809 Rx 0 $18FEF200 D 8 10 27 00 3C FF FF FF FF 
425.772226,2026-07-22 12:01:40.794,5000,,,,,CAN=425.772226 Rx 0 $0CF00400 D 8 FF FF FF 40 9C FF FF FF 
425.772812,2026-07-22 12:01:40.794,,100,,,,CAN=425.772812 Rx 0 $0CF00300 D 8 FF FA FF FF FF FF FF FF 
425.773394,2026-07-22 12:01:40.795,,,150,,,CAN=425.773394 Rx 0 $18FEF100 D 8 FF 00 96 FF FF FF FF FF 
425.773976,2026-07-22 12:01:40.795,,,,500,30,CAN=425.773976 Rx 0 $18FEF200 D 8 10 27 00 3C FF FF FF FF 
425.822384,2026-07-22 12:01:40.844,5000,,,,,CAN=425.822384 Rx 0 $0CF00400 D 8 FF FF FF 40 9C FF FF FF 
425.82297,2026-07-22 12:01:40.844,,100,,,,CAN=425.82297 Rx 0 $0CF00300 D 8 FF FA FF FF FF FF FF FF 
425.823553,2026-07-22 12:01:40.845,,,150,,,CAN=425.823553 Rx 0 $18FEF100 D 8 FF 00 96 FF FF FF FF FF 
425.824134,2026-07-22 12:01:40.846,,,,500,30,CAN=425.824134 Rx 0 $18FEF200 D 8 10 27 00 3C FF FF FF FF 
425.872549,2026-07-22 12:01:40.894,5000,,,,,CAN=425.872549 Rx 0 $0CF00400 D 8 FF FF FF 40 9C FF FF FF 
425.873135,2026-07-22 12:01:40.895,,100,,,,CAN=425.873135 Rx 0 $0CF00300 D 8 FF FA FF FF FF FF FF FF 
425.873717,2026-07-22 12:01:40.895,,,150,,,CAN=425.873717 Rx 0 $18FEF100 D 8 FF 00 96 FF FF FF FF FF 
425.8743,2026-07-22 12:01:40.896,,,,500,30,CAN=425.8743 Rx 0 $18FEF200 D 8 10 27 00 3C FF FF FF FF 
425.922714,2026-07-22 12:01:40.944,5000,,,,,CAN=425.922714 Rx 0 $0CF00400 D 8 FF FF FF 40 9C FF FF FF 
425.9233,2026-07-22 12:01:40.945,,100,,,,CAN=425.9233 Rx 0 $0CF00300 D 8 FF FA FF FF FF FF FF FF 
425.923882,2026-07-22 12:01:40.945,,,150,,,CAN=425.923882 Rx 0 $18FEF100 D 8 FF 00 96 FF FF FF FF FF 
425.924464,2026-07-22 12:01:40.946,,,,500,30,CAN=425.924464 Rx 0 $18FEF200 D 8 10 27 00 3C FF FF FF FF 
425.972879,2026-07-22 12:01:40.994,5000,,,,,CAN=425.972879 Rx 0 $0CF00400 D 8 FF FF FF 40 9C FF FF FF 
425.973465,2026-07-22 12:01:40.995,,100,,,,CAN=425.973465 Rx 0 $0CF00300 D 8 FF FA FF FF FF FF FF FF 
425.97405,2026-07-22 12:01:40.996,,,150,,,CAN=425.97405 Rx 0 $18FEF100 D 8 FF 00 96 FF FF FF FF FF 
425.974629,2026-07-22 12:01:40.996,,,,500,30,CAN=425.974629 Rx 0 $18FEF200 D 8 10 27 00 3C FF FF FF FF 
426.02304,2026-07-22 12:01:41.045,5000,,,,,CAN=426.02304 Rx 0 $0CF00400 D 8 FF FF FF 40 9C FF FF FF 
426.023626,2026-07-22 12:01:41.045,,100,,,,CAN=426.023626 Rx 0 $0CF00300 D 8 FF FA FF FF FF FF FF FF 
426.024208,2026-07-22 12:01:41.046,,,150,,,CAN=426.024208 Rx 0 $18FEF100 D 8 FF 00 96 FF FF FF FF FF 
426.024791,2026-07-22 12:01:41.046,,,,500,30,CAN=426.024791 Rx 0 $18FEF200 D 8 10 27 00 3C FF FF FF FF 
426.073202,2026-07-22 12:01:41.095,5000,,,,,CAN=426.073202 Rx 0 $0CF00400 D 8 FF FF FF 40 9C FF FF FF 
426.073788,2026-07-22 12:01:41.095,,100,,,,CAN=426.073788 Rx 0 $0CF00300 D 8 FF FA FF FF FF FF FF FF 
426.07437,2026-07-22 12:01:41.096,,,150,,,CAN=426.07437 Rx 0 $18FEF100 D 8 FF 00 96 FF FF FF FF FF 
426.074953,2026-07-22 12:01:41.096,,,,500,30,CAN=426.074953 Rx 0 $18FEF200 D 8 10 27 00 3C FF FF FF FF 
426.123362,2026-07-22 12:01:41.145,5000,,,,,CAN=426.123362 Rx 0 $0CF00400 D 8 FF FF FF 40 9C FF FF FF 
426.123948,2026-07-22 12:01:41.145,,100,,,,CAN=426.123948 Rx 0 $0CF00300 D 8 FF FA FF FF FF FF FF FF 
426.12453,2026-07-22 12:01:41.146,,,150,,,CAN=426.12453 Rx 0 $18FEF100 D 8 FF 00 96 FF FF FF FF FF 
426.125113,2026-07-22 12:01:41.147,,,,500,30,CAN=426.125113 Rx 0 $18FEF200 D 8 10 27 00 3C FF FF FF FF 
426.173527,2026-07-22 12:01:41.195,5000,,,,,CAN=426.173527 Rx 0 $0CF00400 D 8 FF FF FF 40 9C FF FF FF 
426.174113,2026-07-22 12:01:41.196,,100,,,,CAN=426.174113 Rx 0 $0CF00300 D 8 FF FA FF FF FF FF FF FF 
426.174695,2026-07-22 12:01:41.196,,,150,,,CAN=426.174695 Rx 0 $18FEF100 D 8 FF 00 96 FF FF FF FF FF 
426.175277,2026-07-22 12:01:41.197,,,,500,30,CAN=426.175277 Rx 0 $18FEF200 D 8 10 27 00 3C FF FF FF FF 
426.223687,2026-07-22 12:01:41.245,5000,,,,,CAN=426.223687 Rx 0 $0CF00400 D 8 FF FF FF 40 9C FF FF FF 
426.224273,2026-07-22 12:01:41.246,,100,,,,CAN=426.224273 Rx 0 $0CF00300 D 8 FF FA FF FF FF FF FF FF 
426.224855,2026-07-22 12:01:41.246,,,150,,,CAN=426.224855 Rx 0 $18FEF100 D 8 FF 00 96 FF FF FF FF FF 
426.225437,2026-07-22 12:01:41.247,,,,500,30,CAN=426.225437 Rx 0 $18FEF200 D 8 10 27 00 3C FF FF FF FF 
426.273845,2026-07-22 12:01:41.295,5000,,,,,CAN=426.273845 Rx 0 $0CF00400 D 8 FF FF FF 40 9C FF FF FF 
426.274431,2026-07-22 12:01:41.296,,100,,,,CAN=426.274431 Rx 0 $0CF00300 D 8 FF FA FF FF FF FF FF FF 
426.275012,2026-07-22 12:01:41.297,,,150,,,CAN=426.275012 Rx 0 $18FEF100 D 8 FF 00 96 FF FF FF FF FF 
426.275595,2026-07-22 12:01:41.297,,,,500,30,CAN=426.275595 Rx 0 $18FEF200 D 8 10 27 00 3C FF FF FF FF 
426.324,2026-07-22 12:01:41.346,5000,,,,,CAN=426.324 Rx 0 $0CF00400 D 8 FF FF FF 40 9C FF FF FF 
426.324586,2026-07-22 12:01:41.346,,100,,,,CAN=426.324586 Rx 0 $0CF00300 D 8 FF FA FF FF FF FF FF FF 
426.32517,2026-07-22 12:01:41.347,,,150,,,CAN=426.32517 Rx 0 $18FEF100 D 8 FF 00 96 FF FF FF FF FF 
426.32575,2026-07-22 12:01:41.347,,,,500,30,CAN=426.32575 Rx 0 $18FEF200 D 8 10 27 00 3C FF FF FF FF 
426.374158,2026-07-22 12:01:41.396,5000,,,,,CAN=426.374158 Rx 0 $0CF00400 D 8 FF FF FF 40 9C FF FF FF 
426.374744,2026-07-22 12:01:41.396,,100,,,,CAN=426.374744 Rx 0 $0CF00300 D 8 FF FA FF FF FF FF FF FF 
426.375326,2026-07-22 12:01:41.397,,,150,,,CAN=426.375326 Rx 0 $18FEF100 D 8 FF 00 96 FF FF FF FF FF 
426.375908,2026-07-22 12:01:41.397,,,,500,30,CAN=426.375908 Rx 0 $18FEF200 D 8 10 27 00 3C FF FF FF FF 
426.42431,2026-07-22 12:01:41.446,5000,,,,,CAN=426.42431 Rx 0 $0CF00400 D 8 FF FF FF 40 9C FF FF FF 
426.424896,2026-07-22 12:01:41.446,,100,,,,CAN=426.424896 Rx 0 $0CF00300 D 8 FF FA FF FF FF FF FF FF 
426.425478,2026-07-22 12:01:41.447,,,150,,,CAN=426.425478 Rx 0 $18FEF100 D 8 FF 00 96 FF FF FF FF FF 
426.42606,2026-07-22 12:01:41.448,,,,500,30,CAN=426.42606 Rx 0 $18FEF200 D 8 10 27 00 3C FF FF FF FF 
426.474466,2026-07-22 12:01:41.496,5000,,,,,CAN=426.474466 Rx 0 $0CF00400 D 8 FF FF FF 40 9C FF FF FF 
426.475052,2026-07-22 12:01:41.497,,100,,,,CAN=426.475052 Rx 0 $0CF00300 D 8 FF FA FF FF FF FF FF FF 
426.475635,2026-07-22 12:01:41.497,,,150,,,CAN=426.475635 Rx 0 $18FEF100 D 8 FF 00 96 FF FF FF FF FF 
426.476216,2026-07-22 12:01:41.498,,,,500,30,CAN=426.476216 Rx 0 $18FEF200 D 8 10 27 00 3C FF FF FF FF 
426.524625,2026-07-22 12:01:41.546,5000,,,,,CAN=426.524625 Rx 0 $0CF00400 D 8 FF FF FF 40 9C FF FF FF 
426.525211,2026-07-22 12:01:41.547,,100,,,,CAN=426.525211 Rx 0 $0CF00300 D 8 FF FA FF FF FF FF FF FF 
426.525793,2026-07-22 12:01:41.547,,,150,,,CAN=426.525793 Rx 0 $18FEF100 D 8 FF 00 96 FF FF FF FF FF 
426.526375,2026-07-22 12:01:41.548,,,,500,30,CAN=426.526375 Rx 0 $18FEF200 D 8 10 27 00 3C FF FF FF FF 
426.574781,2026-07-22 12:01:41.596,5000,,,,,CAN=426.574781 Rx 0 $0CF00400 D 8 FF FF FF 40 9C FF FF FF 
426.575367,2026-07-22 12:01:41.597,,100,,,,CAN=426.575367 Rx 0 $0CF00300 D 8 FF FA FF FF FF FF FF FF 
426.575949,2026-07-22 12:01:41.597,,,150,,,CAN=426.575949 Rx 0 $18FEF100 D 8 FF 00 96 FF FF FF FF FF 
426.576531,2026-07-22 12:01:41.598,,,,500,30,CAN=426.576531 Rx 0 $18FEF200 D 8 10 27 00 3C FF FF FF FF 
426.624937,2026-07-22 12:01:41.646,5000,,,,,CAN=426.624937 Rx 0 $0CF00400 D 8 FF FF FF 40 9C FF FF FF 
426.625523,2026-07-22 12:01:41.647,,100,,,,CAN=426.625523 Rx 0 $0CF00300 D 8 FF FA FF FF FF FF FF FF 
426.626105,2026-07-22 12:01:41.648,,,150,,,CAN=426.626105 Rx 0 $18FEF100 D 8 FF 00 96 FF FF FF FF FF 
426.626686,2026-07-22 12:01:41.648,,,,500,30,CAN=426.626686 Rx 0 $18FEF200 D 8 10 27 00 3C FF FF FF FF 
426.675095,2026-07-22 12:01:41.697,5000,,,,,CAN=426.675095 Rx 0 $0CF00400 D 8 FF FF FF 40 9C FF FF FF 
426.675681,2026-07-22 12:01:41.697,,100,,,,CAN=426.675681 Rx 0 $0CF00300 D 8 FF FA FF FF FF FF FF FF 
426.676263,2026-07-22 12:01:41.698,,,150,,,CAN=426.676263 Rx 0 $18FEF100 D 8 FF 00 96 FF FF FF FF FF 
426.676845,2026-07-22 12:01:41.698,,,,500,30,CAN=426.676845 Rx 0 $18FEF200 D 8 10 27 00 3C FF FF FF FF 
426.725254,2026-07-22 12:01:41.747,5000,,,,,CAN=426.725254 Rx 0 $0CF00400 D 8 FF FF FF 40 9C FF FF FF 
426.72584,2026-07-22 12:01:41.747,,100,,,,CAN=426.72584 Rx 0 $0CF00300 D 8 FF FA FF FF FF FF FF FF 
426.726422,2026-07-22 12:01:41.748,,,150,,,CAN=426.726422 Rx 0 $18FEF100 D 8 FF 00 96 FF FF FF FF FF 
426.727004,2026-07-22 12:01:41.749,,,,500,30,CAN=426.727004 Rx 0 $18FEF200 D 8 10 27 00 3C FF FF FF FF 
426.775413,2026-07-22 12:01:41.797,5000,,,,,CAN=426.775413 Rx 0 $0CF00400 D 8 FF FF FF 40 9C FF FF FF 
426.775999,2026-07-22 12:01:41.797,,100,,,,CAN=426.775999 Rx 0 $0CF00300 D 8 FF FA FF FF FF FF FF FF 
426.776581,2026-07-22 12:01:41.798,,,150,,,CAN=426.776581 Rx 0 $18FEF100 D 8 FF 00 96 FF FF FF FF FF 
426.777164,2026-07-22 12:01:41.799,,,,500,30,CAN=426.777164 Rx 0 $18FEF200 D 8 10 27 00 3C FF FF FF FF 
426.825576,2026-07-22 12:01:41.847,5000,,,,,CAN=426.825576 Rx 0 $0CF00400 D 8 FF FF FF 40 9C FF FF FF 
426.826162,2026-07-22 12:01:41.848,,100,,,,CAN=426.826162 Rx 0 $0CF00300 D 8 FF FA FF FF FF FF FF FF 
426.826744,2026-07-22 12:01:41.848,,,150,,,CAN=426.826744 Rx 0 $18FEF100 D 8 FF 00 96 FF FF FF FF FF 
426.827326,2026-07-22 12:01:41.849,,,,500,30,CAN=426.827326 Rx 0 $18FEF200 D 8 10 27 00 3C FF FF FF FF 
426.875743,2026-07-22 12:01:41.897,5000,,,,,CAN=426.875743 Rx 0 $0CF00400 D 8 FF FF FF 40 9C FF FF FF 
426.876329,2026-07-22 12:01:41.898,,100,,,,CAN=426.876329 Rx 0 $0CF00300 D 8 FF FA FF FF FF FF FF FF 
426.876911,2026-07-22 12:01:41.898,,,150,,,CAN=426.876911 Rx 0 $18FEF100 D 8 FF 00 96 FF FF FF FF FF 
426.877493,2026-07-22 12:01:41.899,,,,500,30,CAN=426.877493 Rx 0 $18FEF200 D 8 10 27 00 3C FF FF FF FF 
426.925905,2026-07-22 12:01:41.947,5000,,,,,CAN=426.925905 Rx 0 $0CF00400 D 8 FF FF FF 40 9C FF FF FF 
426.926491,2026-07-22 12:01:41.948,,100,,,,CAN=426.926491 Rx 0 $0CF00300 D 8 FF FA FF FF FF FF FF FF 
426.927074,2026-07-22 12:01:41.949,,,150,,,CAN=426.927074 Rx 0 $18FEF100 D 8 FF 00 96 FF FF FF FF FF 
426.927656,2026-07-22 12:01:41.949,,,,500,30,CAN=426.927656 Rx 0 $18FEF200 D 8 10 27 00 3C FF FF FF FF 
426.97607,2026-07-22 12:01:41.998,5000,,,,,CAN=426.97607 Rx 0 $0CF00400 D 8 FF FF FF 40 9C FF FF FF 
426.976657,2026-07-22 12:01:41.998,,100,,,,CAN=426.976657 Rx 0 $0CF00300 D 8 FF FA FF FF FF FF FF FF 
426.977238,2026-07-22 12:01:41.999,,,150,,,CAN=426.977238 Rx 0 $18FEF100 D 8 FF 00 96 FF FF FF FF FF 
426.97782,2026-07-22 12:01:41.999,,,,500,30,CAN=426.97782 Rx 0 $18FEF200 D 8 10 27 00 3C FF FF FF FF 
427.026284,2026-07-22 12:01:42.048,5000,,,,,CAN=427.026284 Rx 0 $0CF00400 D 8 FF FF FF 40 9C FF FF FF 
427.02687,2026-07-22 12:01:42.048,,100,,,,CAN=427.02687 Rx 0 $0CF00300 D 8 FF FA FF FF FF FF FF FF 
427.027452,2026-07-22 12:01:42.049,,,150,,,CAN=427.027452 Rx 0 $18FEF100 D 8 FF 00 96 FF FF FF FF FF 
427.028037,2026-07-22 12:01:42.050,,,,500,30,CAN=427.028037 Rx 0 $18FEF200 D 8 10 27 00 3C FF FF FF FF 
